,FileAddress,corresponding_img,SpatRx,SpatRy,SpatRz,Ghosting,tSNR (Averaged Brain ROI),Displacement factor (std of Mutual information)
0,/project/4180000.36/awake/bids/rat/sub-0200100/ses-1/func/sub-0200100_ses-1_run-1_task-rest_bold.nii.gz,func_func_sub-0200100_ses-1_run-1_task-rest_bold_1.png,0.3906,1.4,0.3907,False,21.601075265110957,0.11667601286280659
1,/project/4180000.36/awake/bids/rat/sub-0200101/ses-1/func/sub-0200101_ses-1_run-1_task-rest_bold.nii.gz,func_func_sub-0200101_ses-1_run-1_task-rest_bold_2.png,0.3906,1.4,0.3907,False,19.88677443811238,0.07785748486625912
2,/project/4180000.36/awake/bids/rat/sub-0200102/ses-1/func/sub-0200102_ses-1_run-1_task-rest_bold.nii.gz,func_func_sub-0200102_ses-1_run-1_task-rest_bold_3.png,0.3906,1.4,0.3907,False,23.820294653218763,0.17488520613425265
3,/project/4180000.36/awake/bids/rat/sub-0200103/ses-1/func/sub-0200103_ses-1_run-1_task-rest_bold.nii.gz,func_func_sub-0200103_ses-1_run-1_task-rest_bold_4.png,0.3906,1.4,0.3907,False,25.30458387666798,0.09512845537500783
4,/project/4180000.36/awake/bids/rat/sub-0200104/ses-1/func/sub-0200104_ses-1_run-1_task-rest_bold.nii.gz,func_func_sub-0200104_ses-1_run-1_task-rest_bold_5.png,0.3906,1.4,0.3907,False,20.55647991249037,0.07580959337328991
5,/project/4180000.36/awake/bids/rat/sub-0200105/ses-1/func/sub-0200105_ses-1_run-1_task-rest_bold.nii.gz,func_func_sub-0200105_ses-1_run-1_task-rest_bold_6.png,0.3906,1.4,0.3907,False,18.742040292541787,0.15295175708401318
6,/project/4180000.36/awake/bids/rat/sub-0200106/ses-1/func/sub-0200106_ses-1_run-1_task-rest_bold.nii.gz,func_func_sub-0200106_ses-1_run-1_task-rest_bold_7.png,0.3906,1.4,0.3907,False,22.338691010145112,0.15232260672943276
7,/project/4180000.36/awake/bids/rat/sub-0200107/ses-1/func/sub-0200107_ses-1_run-1_task-rest_bold.nii.gz,func_func_sub-0200107_ses-1_run-1_task-rest_bold_8.png,0.3906,1.4,0.3907,False,22.623162467395797,0.18453565137684458
8,/project/4180000.36/awake/bids/rat/sub-0200108/ses-1/func/sub-0200108_ses-1_run-1_task-rest_bold.nii.gz,func_func_sub-0200108_ses-1_run-1_task-rest_bold_9.png,0.4,1.4,0.4,False,22.42639927609996,0.08768729885835565
9,/project/4180000.36/awake/bids/rat/sub-0200109/ses-1/func/sub-0200109_ses-1_run-1_task-rest_bold.nii.gz,func_func_sub-0200109_ses-1_run-1_task-rest_bold_10.png,0.4,1.4,0.4,False,20.80298516934465,0.16002685139184894
10,/project/4180000.36/awake/bids/rat/sub-0200110/ses-1/func/sub-0200110_ses-1_run-1_task-rest_bold.nii.gz,func_func_sub-0200110_ses-1_run-1_task-rest_bold_11.png,0.4,1.4,0.4,False,24.812417227590583,0.0730351087867714
11,/project/4180000.36/awake/bids/rat/sub-0200111/ses-1/func/sub-0200111_ses-1_run-1_task-rest_bold.nii.gz,func_func_sub-0200111_ses-1_run-1_task-rest_bold_12.png,0.4,1.4,0.4,False,24.406167137440143,0.08013705353410752
12,/project/4180000.36/awake/bids/rat/sub-0200112/ses-1/func/sub-0200112_ses-1_run-1_task-rest_bold.nii.gz,func_func_sub-0200112_ses-1_run-1_task-rest_bold_13.png,0.4,1.4,0.4,False,22.73601136937404,0.12102560748061411
13,/project/4180000.36/awake/bids/rat/sub-0200113/ses-1/func/sub-0200113_ses-1_run-1_task-rest_bold.nii.gz,func_func_sub-0200113_ses-1_run-1_task-rest_bold_14.png,0.4,1.4,0.4,False,23.58285897832007,0.09256289380642689
14,/project/4180000.36/awake/bids/rat/sub-0200114/ses-1/func/sub-0200114_ses-1_run-1_task-rest_bold.nii.gz,func_func_sub-0200114_ses-1_run-1_task-rest_bold_15.png,0.4,1.4,0.4,False,22.51137295237739,0.10221426138435108
15,/project/4180000.36/awake/bids/rat/sub-0200115/ses-1/func/sub-0200115_ses-1_run-1_task-rest_bold.nii.gz,func_func_sub-0200115_ses-1_run-1_task-rest_bold_16.png,0.4,1.4,0.4,False,23.199923561568013,0.09291445782543119
16,/project/4180000.36/awake/bids/rat/sub-0200300/ses-1/func/sub-0200300_ses-1_run-1_task-rest_bold.nii.gz,func_func_sub-0200300_ses-1_run-1_task-rest_bold_17.png,0.26,1.0,0.26041666,False,24.233943559952202,0.14973914229400653
17,/project/4180000.36/awake/bids/rat/sub-0200300/ses-1/func/sub-0200300_ses-1_run-2_task-rest_bold.nii.gz,func_func_sub-0200300_ses-1_run-2_task-rest_bold_18.png,0.26,1.0,0.26041666,False,23.986773842674975,0.21525834179656145
18,/project/4180000.36/awake/bids/rat/sub-0200300/ses-1/func/sub-0200300_ses-1_run-3_task-rest_bold.nii.gz,func_func_sub-0200300_ses-1_run-3_task-rest_bold_19.png,0.26,1.0,0.26041666,False,24.268925287839945,0.19464051456016265
19,/project/4180000.36/awake/bids/rat/sub-0200300/ses-1/func/sub-0200300_ses-1_run-4_task-rest_bold.nii.gz,func_func_sub-0200300_ses-1_run-4_task-rest_bold_20.png,0.26,1.0,0.26041666,False,24.37130938034391,0.16855522215134727
20,/project/4180000.36/awake/bids/rat/sub-0200300/ses-1/func/sub-0200300_ses-1_run-5_task-rest_bold.nii.gz,func_func_sub-0200300_ses-1_run-5_task-rest_bold_21.png,0.26,1.0,0.26041666,False,23.384417848497577,0.18942891002169457
21,/project/4180000.36/awake/bids/rat/sub-0200300/ses-1/func/sub-0200300_ses-1_run-6_task-rest_bold.nii.gz,func_func_sub-0200300_ses-1_run-6_task-rest_bold_22.png,0.26,1.0,0.26041666,False,22.907926739490534,0.056125729433499416
22,/project/4180000.36/awake/bids/rat/sub-0200300/ses-1/func/sub-0200300_ses-1_run-7_task-rest_bold.nii.gz,func_func_sub-0200300_ses-1_run-7_task-rest_bold_23.png,0.26,1.0,0.26041666,False,20.98786853744614,0.22567087958550863
23,/project/4180000.36/awake/bids/rat/sub-0200300/ses-2/func/sub-0200300_ses-2_run-2_task-rest_bold.nii.gz,func_func_sub-0200300_ses-2_run-2_task-rest_bold_24.png,0.26,1.0,0.26041666,False,22.20963122789369,0.19832802094632332
24,/project/4180000.36/awake/bids/rat/sub-0200300/ses-2/func/sub-0200300_ses-2_run-6_task-rest_bold.nii.gz,func_func_sub-0200300_ses-2_run-6_task-rest_bold_25.png,0.26,1.0,0.26041666,False,21.900275443960016,0.17232657098392848
25,/project/4180000.36/awake/bids/rat/sub-0200300/ses-2/func/sub-0200300_ses-2_run-1_task-rest_bold.nii.gz,func_func_sub-0200300_ses-2_run-1_task-rest_bold_26.png,0.26,1.0,0.26041666,False,21.315556219551265,0.23514318894503067
26,/project/4180000.36/awake/bids/rat/sub-0200300/ses-2/func/sub-0200300_ses-2_run-5_task-rest_bold.nii.gz,func_func_sub-0200300_ses-2_run-5_task-rest_bold_27.png,0.26,1.0,0.26041666,False,21.43210309676466,0.1810983238170227
27,/project/4180000.36/awake/bids/rat/sub-0200300/ses-2/func/sub-0200300_ses-2_run-3_task-rest_bold.nii.gz,func_func_sub-0200300_ses-2_run-3_task-rest_bold_28.png,0.26,1.0,0.26041666,False,21.68169835846161,0.1527656685127139
28,/project/4180000.36/awake/bids/rat/sub-0200300/ses-2/func/sub-0200300_ses-2_run-7_task-rest_bold.nii.gz,func_func_sub-0200300_ses-2_run-7_task-rest_bold_29.png,0.26,1.0,0.26041666,False,21.244722259795427,0.11079650639295911
29,/project/4180000.36/awake/bids/rat/sub-0200300/ses-2/func/sub-0200300_ses-2_run-8_task-rest_bold.nii.gz,func_func_sub-0200300_ses-2_run-8_task-rest_bold_30.png,0.26,1.0,0.26041666,False,22.21202880782751,0.1213510829184561
30,/project/4180000.36/awake/bids/rat/sub-0200300/ses-2/func/sub-0200300_ses-2_run-4_task-rest_bold.nii.gz,func_func_sub-0200300_ses-2_run-4_task-rest_bold_31.png,0.26,1.0,0.26041666,False,21.92215153649268,0.169013100487334
31,/project/4180000.36/awake/bids/rat/sub-0200301/ses-1/func/sub-0200301_ses-1_run-1_task-rest_bold.nii.gz,func_func_sub-0200301_ses-1_run-1_task-rest_bold_32.png,0.26,1.0,0.26041666,False,28.10982572115953,0.1506292351271065
32,/project/4180000.36/awake/bids/rat/sub-0200301/ses-1/func/sub-0200301_ses-1_run-2_task-rest_bold.nii.gz,func_func_sub-0200301_ses-1_run-2_task-rest_bold_33.png,0.26,1.0,0.26041666,False,28.45055146766643,0.060523638100396335
33,/project/4180000.36/awake/bids/rat/sub-0200301/ses-1/func/sub-0200301_ses-1_run-3_task-rest_bold.nii.gz,func_func_sub-0200301_ses-1_run-3_task-rest_bold_34.png,0.26,1.0,0.26041666,False,27.777795849697817,0.060618832834109966
34,/project/4180000.36/awake/bids/rat/sub-0200301/ses-1/func/sub-0200301_ses-1_run-4_task-rest_bold.nii.gz,func_func_sub-0200301_ses-1_run-4_task-rest_bold_35.png,0.26,1.0,0.26041666,False,27.85818704945324,0.10649335287853542
35,/project/4180000.36/awake/bids/rat/sub-0200301/ses-1/func/sub-0200301_ses-1_run-5_task-rest_bold.nii.gz,func_func_sub-0200301_ses-1_run-5_task-rest_bold_36.png,0.26,1.0,0.26041666,False,28.293109146470503,0.11792075092545524
36,/project/4180000.36/awake/bids/rat/sub-0200301/ses-1/func/sub-0200301_ses-1_run-6_task-rest_bold.nii.gz,func_func_sub-0200301_ses-1_run-6_task-rest_bold_37.png,0.26,1.0,0.26041666,False,28.26163318895699,0.11554314821748676
37,/project/4180000.36/awake/bids/rat/sub-0200301/ses-1/func/sub-0200301_ses-1_run-7_task-rest_bold.nii.gz,func_func_sub-0200301_ses-1_run-7_task-rest_bold_38.png,0.26,1.0,0.26041666,False,28.437802123028856,0.11365402733102789
38,/project/4180000.36/awake/bids/rat/sub-0200301/ses-1/func/sub-0200301_ses-1_run-8_task-rest_bold.nii.gz,func_func_sub-0200301_ses-1_run-8_task-rest_bold_39.png,0.26,1.0,0.26041666,False,28.78650073327334,0.08870853665570759
39,/project/4180000.36/awake/bids/rat/sub-0200301/ses-1/func/sub-0200301_ses-1_run-9_task-rest_bold.nii.gz,func_func_sub-0200301_ses-1_run-9_task-rest_bold_40.png,0.26,1.0,0.26041666,False,28.87048378548378,0.07327373478864295
40,/project/4180000.36/awake/bids/rat/sub-0200302/ses-1/func/sub-0200302_ses-1_run-1_task-rest_bold.nii.gz,func_func_sub-0200302_ses-1_run-1_task-rest_bold_41.png,0.26,1.0,0.26041666,False,24.814168653047922,0.18765946178767542
41,/project/4180000.36/awake/bids/rat/sub-0200302/ses-1/func/sub-0200302_ses-1_run-2_task-rest_bold.nii.gz,func_func_sub-0200302_ses-1_run-2_task-rest_bold_42.png,0.26,1.0,0.26041666,False,24.829727238558494,0.14412223356476625
42,/project/4180000.36/awake/bids/rat/sub-0200302/ses-1/func/sub-0200302_ses-1_run-3_task-rest_bold.nii.gz,func_func_sub-0200302_ses-1_run-3_task-rest_bold_43.png,0.26,1.0,0.26041666,False,25.104936111598242,0.22225354673546038
43,/project/4180000.36/awake/bids/rat/sub-0200302/ses-1/func/sub-0200302_ses-1_run-4_task-rest_bold.nii.gz,func_func_sub-0200302_ses-1_run-4_task-rest_bold_44.png,0.26,1.0,0.26041666,False,26.73615808796479,0.11166094045998798
44,/project/4180000.36/awake/bids/rat/sub-0200302/ses-1/func/sub-0200302_ses-1_run-5_task-rest_bold.nii.gz,func_func_sub-0200302_ses-1_run-5_task-rest_bold_45.png,0.26,1.0,0.26041666,False,24.19537153706085,0.15097536269953984
45,/project/4180000.36/awake/bids/rat/sub-0200302/ses-1/func/sub-0200302_ses-1_run-6_task-rest_bold.nii.gz,func_func_sub-0200302_ses-1_run-6_task-rest_bold_46.png,0.26,1.0,0.26041666,False,21.365425292134372,0.0700827737494844
46,/project/4180000.36/awake/bids/rat/sub-0200302/ses-1/func/sub-0200302_ses-1_run-7_task-rest_bold.nii.gz,func_func_sub-0200302_ses-1_run-7_task-rest_bold_47.png,0.26,1.0,0.26041666,False,25.540824601977384,0.13263460841196104
47,/project/4180000.36/awake/bids/rat/sub-0200303/ses-2/func/sub-0200303_ses-2_run-1_task-rest_bold.nii.gz,func_func_sub-0200303_ses-2_run-1_task-rest_bold_48.png,0.26,1.0,0.26041666,False,26.42747778083432,0.1148625647828983
48,/project/4180000.36/awake/bids/rat/sub-0200303/ses-2/func/sub-0200303_ses-2_run-2_task-rest_bold.nii.gz,func_func_sub-0200303_ses-2_run-2_task-rest_bold_49.png,0.26,1.0,0.26041666,False,26.07060344751312,0.0822978728007151
49,/project/4180000.36/awake/bids/rat/sub-0200303/ses-2/func/sub-0200303_ses-2_run-3_task-rest_bold.nii.gz,func_func_sub-0200303_ses-2_run-3_task-rest_bold_50.png,0.26,1.0,0.26041666,False,25.98488156546385,0.1435122419778986
50,/project/4180000.36/awake/bids/rat/sub-0200303/ses-2/func/sub-0200303_ses-2_run-4_task-rest_bold.nii.gz,func_func_sub-0200303_ses-2_run-4_task-rest_bold_51.png,0.26,1.0,0.26041666,False,26.79194255636346,0.08423653919358103
51,/project/4180000.36/awake/bids/rat/sub-0200303/ses-2/func/sub-0200303_ses-2_run-5_task-rest_bold.nii.gz,func_func_sub-0200303_ses-2_run-5_task-rest_bold_52.png,0.26,1.0,0.26041666,False,26.121455949337747,0.10649186611753512
52,/project/4180000.36/awake/bids/rat/sub-0200303/ses-2/func/sub-0200303_ses-2_run-6_task-rest_bold.nii.gz,func_func_sub-0200303_ses-2_run-6_task-rest_bold_53.png,0.26,1.0,0.26041666,False,26.67056385023718,0.08332787159910351
53,/project/4180000.36/awake/bids/rat/sub-0200303/ses-2/func/sub-0200303_ses-2_run-7_task-rest_bold.nii.gz,func_func_sub-0200303_ses-2_run-7_task-rest_bold_54.png,0.26,1.0,0.26041666,False,27.29986234044615,0.059044792160036136
54,/project/4180000.36/awake/bids/rat/sub-0200303/ses-2/func/sub-0200303_ses-2_run-8_task-rest_bold.nii.gz,func_func_sub-0200303_ses-2_run-8_task-rest_bold_55.png,0.26,1.0,0.26041666,False,27.494519551706578,0.06665955393585497
55,/project/4180000.36/awake/bids/rat/sub-0200304/ses-1/func/sub-0200304_ses-1_run-1_task-rest_bold.nii.gz,func_func_sub-0200304_ses-1_run-1_task-rest_bold_56.png,0.26,1.0,0.26041666,False,21.90616316522072,0.21367367786973812
56,/project/4180000.36/awake/bids/rat/sub-0200304/ses-1/func/sub-0200304_ses-1_run-2_task-rest_bold.nii.gz,func_func_sub-0200304_ses-1_run-2_task-rest_bold_57.png,0.26,1.0,0.26041666,False,23.950940901957917,0.1401038127506387
57,/project/4180000.36/awake/bids/rat/sub-0200304/ses-1/func/sub-0200304_ses-1_run-3_task-rest_bold.nii.gz,func_func_sub-0200304_ses-1_run-3_task-rest_bold_58.png,0.26,1.0,0.26041666,False,21.283928166000287,0.31642831607121386
58,/project/4180000.36/awake/bids/rat/sub-0200304/ses-1/func/sub-0200304_ses-1_run-4_task-rest_bold.nii.gz,func_func_sub-0200304_ses-1_run-4_task-rest_bold_59.png,0.26,1.0,0.26041666,False,20.51815081372805,0.4379411975101325
59,/project/4180000.36/awake/bids/rat/sub-0200305/ses-1/func/sub-0200305_ses-1_run-1_task-rest_bold.nii.gz,func_func_sub-0200305_ses-1_run-1_task-rest_bold_60.png,0.26,1.0,0.26041666,False,28.00963453855087,0.019946461524711703
60,/project/4180000.36/awake/bids/rat/sub-0200305/ses-1/func/sub-0200305_ses-1_run-2_task-rest_bold.nii.gz,func_func_sub-0200305_ses-1_run-2_task-rest_bold_61.png,0.26,1.0,0.26041666,False,28.30793501577277,0.019176736357695363
61,/project/4180000.36/awake/bids/rat/sub-0200305/ses-1/func/sub-0200305_ses-1_run-3_task-rest_bold.nii.gz,func_func_sub-0200305_ses-1_run-3_task-rest_bold_62.png,0.26,1.0,0.26041666,False,28.24182947967631,0.02081749122421784
62,/project/4180000.36/awake/bids/rat/sub-0200305/ses-1/func/sub-0200305_ses-1_run-4_task-rest_bold.nii.gz,func_func_sub-0200305_ses-1_run-4_task-rest_bold_63.png,0.26,1.0,0.26041666,False,28.067239518726748,0.021049093202371087
63,/project/4180000.36/awake/bids/rat/sub-0200305/ses-1/func/sub-0200305_ses-1_run-5_task-rest_bold.nii.gz,func_func_sub-0200305_ses-1_run-5_task-rest_bold_64.png,0.26,1.0,0.26041666,False,28.164277588922676,0.022727023138461536
64,/project/4180000.36/awake/bids/rat/sub-0200305/ses-1/func/sub-0200305_ses-1_run-6_task-rest_bold.nii.gz,func_func_sub-0200305_ses-1_run-6_task-rest_bold_65.png,0.26,1.0,0.26041666,False,27.99918105789973,0.027355383825406157
65,/project/4180000.36/awake/bids/rat/sub-0200305/ses-1/func/sub-0200305_ses-1_run-7_task-rest_bold.nii.gz,func_func_sub-0200305_ses-1_run-7_task-rest_bold_66.png,0.26,1.0,0.26041666,False,28.002288313792338,0.019094981961003638
66,/project/4180000.36/awake/bids/rat/sub-0200305/ses-1/func/sub-0200305_ses-1_run-8_task-rest_bold.nii.gz,func_func_sub-0200305_ses-1_run-8_task-rest_bold_67.png,0.26,1.0,0.26041666,False,27.98895436698388,0.025588150593145315
67,/project/4180000.36/awake/bids/rat/sub-0200305/ses-1/func/sub-0200305_ses-1_run-9_task-rest_bold.nii.gz,func_func_sub-0200305_ses-1_run-9_task-rest_bold_68.png,0.26,1.0,0.26041666,False,28.199460604476112,0.020569860135807545
68,/project/4180000.36/awake/bids/rat/sub-0200305/ses-2/func/sub-0200305_ses-2_run-1_task-rest_bold.nii.gz,func_func_sub-0200305_ses-2_run-1_task-rest_bold_69.png,0.26,1.0,0.26041666,False,24.587864025324347,0.1691179202619376
69,/project/4180000.36/awake/bids/rat/sub-0200305/ses-2/func/sub-0200305_ses-2_run-2_task-rest_bold.nii.gz,func_func_sub-0200305_ses-2_run-2_task-rest_bold_70.png,0.26,1.0,0.26041666,False,19.46476956041107,0.48277354491732744
70,/project/4180000.36/awake/bids/rat/sub-0200305/ses-2/func/sub-0200305_ses-2_run-3_task-rest_bold.nii.gz,func_func_sub-0200305_ses-2_run-3_task-rest_bold_71.png,0.26,1.0,0.26041666,False,18.84618578571764,0.5022510858214287
71,/project/4180000.36/awake/bids/rat/sub-0200305/ses-2/func/sub-0200305_ses-2_run-4_task-rest_bold.nii.gz,func_func_sub-0200305_ses-2_run-4_task-rest_bold_72.png,0.26,1.0,0.26041666,False,18.95144654058654,0.48302198327543266
72,/project/4180000.36/awake/bids/rat/sub-0200305/ses-2/func/sub-0200305_ses-2_run-5_task-rest_bold.nii.gz,func_func_sub-0200305_ses-2_run-5_task-rest_bold_73.png,0.26,1.0,0.26041666,False,18.86623700470623,0.3740732205931738
73,/project/4180000.36/awake/bids/rat/sub-0200305/ses-2/func/sub-0200305_ses-2_run-6_task-rest_bold.nii.gz,func_func_sub-0200305_ses-2_run-6_task-rest_bold_74.png,0.26,1.0,0.26041666,False,22.713646778783257,0.1947827061619886
74,/project/4180000.36/awake/bids/rat/sub-0200305/ses-2/func/sub-0200305_ses-2_run-7_task-rest_bold.nii.gz,func_func_sub-0200305_ses-2_run-7_task-rest_bold_75.png,0.26,1.0,0.26041666,False,22.07803235495585,0.23931889215312224
75,/project/4180000.36/awake/bids/rat/sub-0200305/ses-2/func/sub-0200305_ses-2_run-8_task-rest_bold.nii.gz,func_func_sub-0200305_ses-2_run-8_task-rest_bold_76.png,0.26,1.0,0.26041666,False,21.446709254113966,0.15751213314330054
76,/project/4180000.36/awake/bids/rat/sub-0200305/ses-2/func/sub-0200305_ses-2_run-9_task-rest_bold.nii.gz,func_func_sub-0200305_ses-2_run-9_task-rest_bold_77.png,0.26,1.0,0.26041666,False,22.251344603736538,0.21416932563160235
77,/project/4180000.36/awake/bids/rat/sub-0200306/ses-3/func/sub-0200306_ses-3_run-1_task-rest_bold.nii.gz,func_func_sub-0200306_ses-3_run-1_task-rest_bold_78.png,0.26,1.0,0.26041666,False,26.599944094040293,0.16191364721917256
78,/project/4180000.36/awake/bids/rat/sub-0200306/ses-3/func/sub-0200306_ses-3_run-2_task-rest_bold.nii.gz,func_func_sub-0200306_ses-3_run-2_task-rest_bold_79.png,0.26,1.0,0.26041666,False,25.52413644162554,0.20608321062847745
79,/project/4180000.36/awake/bids/rat/sub-0200306/ses-3/func/sub-0200306_ses-3_run-3_task-rest_bold.nii.gz,func_func_sub-0200306_ses-3_run-3_task-rest_bold_80.png,0.26,1.0,0.26041666,False,26.481732142110186,0.20082847628428538
80,/project/4180000.36/awake/bids/rat/sub-0200306/ses-3/func/sub-0200306_ses-3_run-4_task-rest_bold.nii.gz,func_func_sub-0200306_ses-3_run-4_task-rest_bold_81.png,0.26,1.0,0.26041666,False,27.96122731852321,0.12071786019131255
81,/project/4180000.36/awake/bids/rat/sub-0200306/ses-3/func/sub-0200306_ses-3_run-5_task-rest_bold.nii.gz,func_func_sub-0200306_ses-3_run-5_task-rest_bold_82.png,0.26,1.0,0.26041666,False,28.211204726856735,0.15497847614058377
82,/project/4180000.36/awake/bids/rat/sub-0200306/ses-3/func/sub-0200306_ses-3_run-6_task-rest_bold.nii.gz,func_func_sub-0200306_ses-3_run-6_task-rest_bold_83.png,0.26,1.0,0.26041666,False,28.52257247925017,0.13080614346051714
83,/project/4180000.36/awake/bids/rat/sub-0200306/ses-3/func/sub-0200306_ses-3_run-7_task-rest_bold.nii.gz,func_func_sub-0200306_ses-3_run-7_task-rest_bold_84.png,0.26,1.0,0.26041666,False,27.947256400637148,0.1733875517778348
84,/project/4180000.36/awake/bids/rat/sub-0200306/ses-3/func/sub-0200306_ses-3_run-8_task-rest_bold.nii.gz,func_func_sub-0200306_ses-3_run-8_task-rest_bold_85.png,0.26,1.0,0.26041666,False,27.916911522020897,0.17919982221862593
85,/project/4180000.36/awake/bids/rat/sub-0200306/ses-3/func/sub-0200306_ses-3_run-9_task-rest_bold.nii.gz,func_func_sub-0200306_ses-3_run-9_task-rest_bold_86.png,0.26,1.0,0.26041666,False,28.75733941925362,0.11597701094877644
86,/project/4180000.36/awake/bids/rat/sub-0200306/ses-1/func/sub-0200306_ses-1_run-1_task-rest_bold.nii.gz,func_func_sub-0200306_ses-1_run-1_task-rest_bold_87.png,0.26,1.0,0.26041666,False,25.32655026008739,0.08037693270174572
87,/project/4180000.36/awake/bids/rat/sub-0200306/ses-1/func/sub-0200306_ses-1_run-2_task-rest_bold.nii.gz,func_func_sub-0200306_ses-1_run-2_task-rest_bold_88.png,0.26,1.0,0.26041666,False,25.00029616445492,0.16338844864914875
88,/project/4180000.36/awake/bids/rat/sub-0200306/ses-1/func/sub-0200306_ses-1_run-3_task-rest_bold.nii.gz,func_func_sub-0200306_ses-1_run-3_task-rest_bold_89.png,0.26,1.0,0.26041666,False,25.927567545964127,0.15489378794297468
89,/project/4180000.36/awake/bids/rat/sub-0200306/ses-1/func/sub-0200306_ses-1_run-4_task-rest_bold.nii.gz,func_func_sub-0200306_ses-1_run-4_task-rest_bold_90.png,0.26,1.0,0.26041666,False,25.210717023466223,0.14443198418280848
90,/project/4180000.36/awake/bids/rat/sub-0200306/ses-1/func/sub-0200306_ses-1_run-5_task-rest_bold.nii.gz,func_func_sub-0200306_ses-1_run-5_task-rest_bold_91.png,0.26,1.0,0.26041666,False,25.545367005043666,0.1156118408890454
91,/project/4180000.36/awake/bids/rat/sub-0200306/ses-1/func/sub-0200306_ses-1_run-6_task-rest_bold.nii.gz,func_func_sub-0200306_ses-1_run-6_task-rest_bold_92.png,0.26,1.0,0.26041666,False,25.790543802875256,0.13315534654924704
92,/project/4180000.36/awake/bids/rat/sub-0200306/ses-1/func/sub-0200306_ses-1_run-7_task-rest_bold.nii.gz,func_func_sub-0200306_ses-1_run-7_task-rest_bold_93.png,0.26,1.0,0.26041666,False,25.967173468066502,0.13632860475694894
93,/project/4180000.36/awake/bids/rat/sub-0200306/ses-1/func/sub-0200306_ses-1_run-8_task-rest_bold.nii.gz,func_func_sub-0200306_ses-1_run-8_task-rest_bold_94.png,0.26,1.0,0.26041666,False,25.1728146098403,0.14759878819742395
94,/project/4180000.36/awake/bids/rat/sub-0200306/ses-1/func/sub-0200306_ses-1_run-9_task-rest_bold.nii.gz,func_func_sub-0200306_ses-1_run-9_task-rest_bold_95.png,0.26,1.0,0.26041666,False,25.763553900370884,0.10046406899771396
95,/project/4180000.36/awake/bids/rat/sub-0200306/ses-2/func/sub-0200306_ses-2_run-1_task-rest_bold.nii.gz,func_func_sub-0200306_ses-2_run-1_task-rest_bold_96.png,0.26,1.0,0.26041666,False,25.715227403396767,0.2570984456393391
96,/project/4180000.36/awake/bids/rat/sub-0200306/ses-2/func/sub-0200306_ses-2_run-2_task-rest_bold.nii.gz,func_func_sub-0200306_ses-2_run-2_task-rest_bold_97.png,0.26,1.0,0.26041666,False,26.824791412076156,0.13659496604085483
97,/project/4180000.36/awake/bids/rat/sub-0200306/ses-2/func/sub-0200306_ses-2_run-3_task-rest_bold.nii.gz,func_func_sub-0200306_ses-2_run-3_task-rest_bold_98.png,0.26,1.0,0.26041666,False,26.011577150550146,0.13140597398469217
98,/project/4180000.36/awake/bids/rat/sub-0200306/ses-2/func/sub-0200306_ses-2_run-4_task-rest_bold.nii.gz,func_func_sub-0200306_ses-2_run-4_task-rest_bold_99.png,0.26,1.0,0.26041666,False,25.702939634986308,0.1395021998452865
99,/project/4180000.36/awake/bids/rat/sub-0200306/ses-2/func/sub-0200306_ses-2_run-5_task-rest_bold.nii.gz,func_func_sub-0200306_ses-2_run-5_task-rest_bold_100.png,0.26,1.0,0.26041666,False,26.302815182232425,0.16905417595804328
100,/project/4180000.36/awake/bids/rat/sub-0200306/ses-2/func/sub-0200306_ses-2_run-6_task-rest_bold.nii.gz,func_func_sub-0200306_ses-2_run-6_task-rest_bold_101.png,0.26,1.0,0.26041666,False,26.154772704670247,0.16823128312371596
101,/project/4180000.36/awake/bids/rat/sub-0200306/ses-2/func/sub-0200306_ses-2_run-7_task-rest_bold.nii.gz,func_func_sub-0200306_ses-2_run-7_task-rest_bold_102.png,0.26,1.0,0.26041666,False,25.78298356039464,0.18521424865328034
102,/project/4180000.36/awake/bids/rat/sub-0200306/ses-2/func/sub-0200306_ses-2_run-8_task-rest_bold.nii.gz,func_func_sub-0200306_ses-2_run-8_task-rest_bold_103.png,0.26,1.0,0.26041666,False,25.722095642508414,0.14264202885333263
103,/project/4180000.36/awake/bids/rat/sub-0200306/ses-2/func/sub-0200306_ses-2_run-9_task-rest_bold.nii.gz,func_func_sub-0200306_ses-2_run-9_task-rest_bold_104.png,0.26,1.0,0.26041666,False,25.504619467700074,0.1744218671271293
104,/project/4180000.36/awake/bids/rat/sub-0200307/ses-2/func/sub-0200307_ses-2_run-1_task-rest_bold.nii.gz,func_func_sub-0200307_ses-2_run-1_task-rest_bold_105.png,0.26,1.0,0.26041666,False,27.530832730143686,0.11413711259296103
105,/project/4180000.36/awake/bids/rat/sub-0200307/ses-2/func/sub-0200307_ses-2_run-2_task-rest_bold.nii.gz,func_func_sub-0200307_ses-2_run-2_task-rest_bold_106.png,0.26,1.0,0.26041666,False,27.266882776089187,0.05516391126698335
106,/project/4180000.36/awake/bids/rat/sub-0200307/ses-2/func/sub-0200307_ses-2_run-3_task-rest_bold.nii.gz,func_func_sub-0200307_ses-2_run-3_task-rest_bold_107.png,0.26,1.0,0.26041666,False,27.10240084891168,0.13944164642717105
107,/project/4180000.36/awake/bids/rat/sub-0200307/ses-2/func/sub-0200307_ses-2_run-4_task-rest_bold.nii.gz,func_func_sub-0200307_ses-2_run-4_task-rest_bold_108.png,0.26,1.0,0.26041666,False,27.456651903020493,0.059450850605562225
108,/project/4180000.36/awake/bids/rat/sub-0200307/ses-2/func/sub-0200307_ses-2_run-5_task-rest_bold.nii.gz,func_func_sub-0200307_ses-2_run-5_task-rest_bold_109.png,0.26,1.0,0.26041666,False,27.52101461799508,0.07427032121299693
109,/project/4180000.36/awake/bids/rat/sub-0200307/ses-2/func/sub-0200307_ses-2_run-6_task-rest_bold.nii.gz,func_func_sub-0200307_ses-2_run-6_task-rest_bold_110.png,0.26,1.0,0.26041666,False,27.212440385696592,0.10256890806426978
110,/project/4180000.36/awake/bids/rat/sub-0200307/ses-2/func/sub-0200307_ses-2_run-7_task-rest_bold.nii.gz,func_func_sub-0200307_ses-2_run-7_task-rest_bold_111.png,0.26,1.0,0.26041666,False,27.24815553036767,0.0899139444728756
111,/project/4180000.36/awake/bids/rat/sub-0200307/ses-2/func/sub-0200307_ses-2_run-8_task-rest_bold.nii.gz,func_func_sub-0200307_ses-2_run-8_task-rest_bold_112.png,0.26,1.0,0.26041666,False,27.424888132280174,0.06801243113253311
112,/project/4180000.36/awake/bids/rat/sub-0200307/ses-2/func/sub-0200307_ses-2_run-9_task-rest_bold.nii.gz,func_func_sub-0200307_ses-2_run-9_task-rest_bold_113.png,0.26,1.0,0.26041666,False,27.28330915140958,0.0775598502266935
113,/project/4180000.36/awake/bids/rat/sub-0200200/ses-1/func/sub-0200200_ses-1_run-1_task-rest_bold.nii.gz,func_func_sub-0200200_ses-1_run-1_task-rest_bold_114.png,0.46875,1.0,0.46875,False,16.79932671758665,0.2164031646461206
114,/project/4180000.36/awake/bids/rat/sub-0200201/ses-1/func/sub-0200201_ses-1_run-1_task-rest_bold.nii.gz,func_func_sub-0200201_ses-1_run-1_task-rest_bold_115.png,0.46875,1.0,0.46875,False,17.82850803624543,0.23765293990151354
115,/project/4180000.36/awake/bids/rat/sub-0200202/ses-1/func/sub-0200202_ses-1_run-1_task-rest_bold.nii.gz,func_func_sub-0200202_ses-1_run-1_task-rest_bold_116.png,0.46875,1.0,0.46875,False,17.91307712457848,0.2330860209638414
116,/project/4180000.36/awake/bids/rat/sub-0200203/ses-1/func/sub-0200203_ses-1_run-1_task-rest_bold.nii.gz,func_func_sub-0200203_ses-1_run-1_task-rest_bold_117.png,0.46875,1.0,0.46875,False,16.896107381245848,0.2155243238062404
117,/project/4180000.36/awake/bids/rat/sub-0200204/ses-1/func/sub-0200204_ses-1_run-1_task-rest_bold.nii.gz,func_func_sub-0200204_ses-1_run-1_task-rest_bold_118.png,0.46875,1.0,0.46875,False,23.69624575076521,0.18566658184380166
118,/project/4180000.36/awake/bids/rat/sub-0200205/ses-1/func/sub-0200205_ses-1_run-1_task-rest_bold.nii.gz,func_func_sub-0200205_ses-1_run-1_task-rest_bold_119.png,0.46875,1.0,0.46875,False,23.631807031227073,0.12047258094422328
119,/project/4180000.36/awake/bids/rat/sub-0200206/ses-1/func/sub-0200206_ses-1_run-1_task-rest_bold.nii.gz,func_func_sub-0200206_ses-1_run-1_task-rest_bold_120.png,0.46875,1.0,0.46875,False,21.968219956498448,0.22234780180735078
120,/project/4180000.36/awake/bids/rat/sub-0200207/ses-1/func/sub-0200207_ses-1_run-1_task-rest_bold.nii.gz,func_func_sub-0200207_ses-1_run-1_task-rest_bold_121.png,0.390625,1.5,0.390625,False,18.800645715724055,0.26025735388475896
121,/project/4180000.36/awake/bids/rat/sub-0200208/ses-1/func/sub-0200208_ses-1_run-1_task-rest_bold.nii.gz,func_func_sub-0200208_ses-1_run-1_task-rest_bold_122.png,0.390625,1.5,0.390625,False,18.800645715724055,0.26025735388475896
122,/project/4180000.36/awake/bids/rat/sub-0200209/ses-1/func/sub-0200209_ses-1_run-1_task-rest_bold.nii.gz,func_func_sub-0200209_ses-1_run-1_task-rest_bold_123.png,0.390625,1.5,0.390625,False,19.094458494437372,0.3900654099188398
123,/project/4180000.36/awake/bids/rat/sub-0200210/ses-1/func/sub-0200210_ses-1_run-1_task-rest_bold.nii.gz,func_func_sub-0200210_ses-1_run-1_task-rest_bold_124.png,0.390625,1.5,0.390625,False,19.094458494437372,0.3900654099188398
124,/project/4180000.36/awake/bids/rat/sub-0200211/ses-1/func/sub-0200211_ses-1_run-1_task-rest_bold.nii.gz,func_func_sub-0200211_ses-1_run-1_task-rest_bold_125.png,0.390625,1.5,0.390625,False,22.887243119131604,0.15428970269330974
125,/project/4180000.36/awake/bids/rat/sub-0200212/ses-1/func/sub-0200212_ses-1_run-1_task-rest_bold.nii.gz,func_func_sub-0200212_ses-1_run-1_task-rest_bold_126.png,0.390625,1.5,0.390625,False,22.887243119131604,0.15428970269330974
126,/project/4180000.36/awake/bids/rat/sub-0200213/ses-1/func/sub-0200213_ses-1_run-1_task-rest_bold.nii.gz,func_func_sub-0200213_ses-1_run-1_task-rest_bold_127.png,0.390625,1.5,0.390625,False,22.56160791010872,0.16757545828182555
127,/project/4180000.36/awake/bids/rat/sub-0200214/ses-1/func/sub-0200214_ses-1_run-1_task-rest_bold.nii.gz,func_func_sub-0200214_ses-1_run-1_task-rest_bold_128.png,0.390625,1.5,0.390625,False,22.56160791010872,0.16757545828182555
128,/project/4180000.36/awake/bids/rat/sub-0200215/ses-1/func/sub-0200215_ses-1_run-1_task-rest_bold.nii.gz,func_func_sub-0200215_ses-1_run-1_task-rest_bold_129.png,0.390625,1.5,0.390625,False,18.443177009843016,0.3326051705673643
129,/project/4180000.36/awake/bids/rat/sub-0200216/ses-1/func/sub-0200216_ses-1_run-1_task-rest_bold.nii.gz,func_func_sub-0200216_ses-1_run-1_task-rest_bold_130.png,0.390625,1.5,0.390625,False,18.443177009843016,0.3326051705673643
130,/project/4180000.36/awake/bids/rat/sub-0400100/ses-1/func/sub-0400100_ses-1_run-1_task-rest_bold.nii.gz,func_func_sub-0400100_ses-1_run-1_task-rest_bold_131.png,0.5,1.0,0.5,True,25.148187659855,0.16741424300242214
131,/project/4180000.36/awake/bids/rat/sub-0400100/ses-1/func/sub-0400100_ses-1_run-2_task-rest_bold.nii.gz,func_func_sub-0400100_ses-1_run-2_task-rest_bold_132.png,0.5,1.0,0.5,True,26.188893445261947,0.17492007986920577
132,/project/4180000.36/awake/bids/rat/sub-0400100/ses-1/func/sub-0400100_ses-1_run-3_task-rest_bold.nii.gz,func_func_sub-0400100_ses-1_run-3_task-rest_bold_133.png,0.5,1.0,0.5,False,25.65495435429541,0.17958948848316705
133,/project/4180000.36/awake/bids/rat/sub-0400100/ses-1/func/sub-0400100_ses-1_run-4_task-rest_bold.nii.gz,func_func_sub-0400100_ses-1_run-4_task-rest_bold_134.png,0.5,1.0,0.5,False,27.87304703239295,0.05626368245785275
134,/project/4180000.36/awake/bids/rat/sub-0400101/ses-1/func/sub-0400101_ses-1_run-1_task-rest_bold.nii.gz,func_func_sub-0400101_ses-1_run-1_task-rest_bold_135.png,0.5,1.0,0.5,False,28.675482546890407,0.08929262477558443
135,/project/4180000.36/awake/bids/rat/sub-0400101/ses-1/func/sub-0400101_ses-1_run-2_task-rest_bold.nii.gz,func_func_sub-0400101_ses-1_run-2_task-rest_bold_136.png,0.5,1.0,0.5,False,29.288116196106902,0.051102734049220125
136,/project/4180000.36/awake/bids/rat/sub-0400102/ses-1/func/sub-0400102_ses-1_run-1_task-rest_bold.nii.gz,func_func_sub-0400102_ses-1_run-1_task-rest_bold_137.png,0.5,1.0,0.5,False,22.708281376005136,0.07165684372636194
137,/project/4180000.36/awake/bids/rat/sub-0400102/ses-1/func/sub-0400102_ses-1_run-2_task-rest_bold.nii.gz,func_func_sub-0400102_ses-1_run-2_task-rest_bold_138.png,0.5,1.0,0.5,False,25.529348561617876,0.07457689457455059
138,/project/4180000.36/awake/bids/rat/sub-0400103/ses-1/func/sub-0400103_ses-1_run-1_task-rest_bold.nii.gz,func_func_sub-0400103_ses-1_run-1_task-rest_bold_139.png,0.5,1.0,0.5,False,23.18929365258728,0.17864362930673824
139,/project/4180000.36/awake/bids/rat/sub-0400103/ses-1/func/sub-0400103_ses-1_run-2_task-rest_bold.nii.gz,func_func_sub-0400103_ses-1_run-2_task-rest_bold_140.png,0.5,1.0,0.5,False,25.906323284855585,0.12001175192800012
140,/project/4180000.36/awake/bids/rat/sub-0400104/ses-1/func/sub-0400104_ses-1_run-1_task-rest_bold.nii.gz,func_func_sub-0400104_ses-1_run-1_task-rest_bold_141.png,0.5,1.0,0.5,False,28.182036375422115,0.12276817363165318
141,/project/4180000.36/awake/bids/rat/sub-0400104/ses-1/func/sub-0400104_ses-1_run-2_task-rest_bold.nii.gz,func_func_sub-0400104_ses-1_run-2_task-rest_bold_142.png,0.5,1.0,0.5,False,28.201396097194472,0.08573072624270851
142,/project/4180000.36/awake/bids/rat/sub-0400105/ses-1/func/sub-0400105_ses-1_run-1_task-rest_bold.nii.gz,func_func_sub-0400105_ses-1_run-1_task-rest_bold_143.png,0.5,1.0,0.5,False,22.04504164680577,0.0960391587029738
143,/project/4180000.36/awake/bids/rat/sub-0400105/ses-1/func/sub-0400105_ses-1_run-2_task-rest_bold.nii.gz,func_func_sub-0400105_ses-1_run-2_task-rest_bold_144.png,0.5,1.0,0.5,False,26.627664688460676,0.16287689701137642
144,/project/4180000.36/awake/bids/rat/sub-0400106/ses-1/func/sub-0400106_ses-1_run-2_task-rest_bold.nii.gz,func_func_sub-0400106_ses-1_run-2_task-rest_bold_145.png,0.5,1.0,0.5,False,29.879577201756234,0.05699278779378369
145,/project/4180000.36/awake/bids/rat/sub-0400106/ses-1/func/sub-0400106_ses-1_run-1_task-rest_bold.nii.gz,func_func_sub-0400106_ses-1_run-1_task-rest_bold_146.png,0.5,1.0,0.5,False,21.37348405061724,0.13460413673748522
146,/project/4180000.36/awake/bids/rat/sub-0400107/ses-1/func/sub-0400107_ses-1_run-1_task-rest_bold.nii.gz,func_func_sub-0400107_ses-1_run-1_task-rest_bold_147.png,0.5,1.0,0.5,False,28.09724685280473,0.1103323113167605
147,/project/4180000.36/awake/bids/rat/sub-0400107/ses-1/func/sub-0400107_ses-1_run-2_task-rest_bold.nii.gz,func_func_sub-0400107_ses-1_run-2_task-rest_bold_148.png,0.5,1.0,0.5,False,27.63558550398619,0.02969595121842456
148,/project/4180000.36/awake/bids/rat/sub-0400107/ses-1/func/sub-0400107_ses-1_run-3_task-rest_bold.nii.gz,func_func_sub-0400107_ses-1_run-3_task-rest_bold_149.png,0.5,1.0,0.5,False,27.396130339254587,0.10624055382844659
149,/project/4180000.36/awake/bids/rat/sub-0400107/ses-1/func/sub-0400107_ses-1_run-4_task-rest_bold.nii.gz,func_func_sub-0400107_ses-1_run-4_task-rest_bold_150.png,0.5,1.0,0.5,False,30.08673416137352,0.03873153527063945
150,/project/4180000.36/awake/bids/rat/sub-0400108/ses-1/func/sub-0400108_ses-1_run-1_task-rest_bold.nii.gz,func_func_sub-0400108_ses-1_run-1_task-rest_bold_151.png,0.5,1.0,0.5,False,26.77903175218796,0.092872861155137
151,/project/4180000.36/awake/bids/rat/sub-0400108/ses-1/func/sub-0400108_ses-1_run-2_task-rest_bold.nii.gz,func_func_sub-0400108_ses-1_run-2_task-rest_bold_152.png,0.5,1.0,0.5,False,29.823226627056695,0.028376405269091222
152,/project/4180000.36/awake/bids/rat/sub-0400108/ses-1/func/sub-0400108_ses-1_run-3_task-rest_bold.nii.gz,func_func_sub-0400108_ses-1_run-3_task-rest_bold_153.png,0.5,1.0,0.5,False,28.441856269171055,0.05675526264597948
153,/project/4180000.36/awake/bids/rat/sub-0400108/ses-1/func/sub-0400108_ses-1_run-4_task-rest_bold.nii.gz,func_func_sub-0400108_ses-1_run-4_task-rest_bold_154.png,0.5,1.0,0.5,False,28.51785369103024,0.045350229556438804
154,/project/4180000.36/awake/bids/rat/sub-0400109/ses-1/func/sub-0400109_ses-1_run-1_task-rest_bold.nii.gz,func_func_sub-0400109_ses-1_run-1_task-rest_bold_155.png,0.5,1.0,0.5,False,28.87082606207528,0.060353171412987794
155,/project/4180000.36/awake/bids/rat/sub-0400109/ses-1/func/sub-0400109_ses-1_run-2_task-rest_bold.nii.gz,func_func_sub-0400109_ses-1_run-2_task-rest_bold_156.png,0.5,1.0,0.5,False,28.709057991734195,0.09615924690067906
156,/project/4180000.36/awake/bids/rat/sub-0400109/ses-1/func/sub-0400109_ses-1_run-3_task-rest_bold.nii.gz,func_func_sub-0400109_ses-1_run-3_task-rest_bold_157.png,0.5,1.0,0.5,False,29.449004860508623,0.08006876517515872
157,/project/4180000.36/awake/bids/rat/sub-0400109/ses-1/func/sub-0400109_ses-1_run-4_task-rest_bold.nii.gz,func_func_sub-0400109_ses-1_run-4_task-rest_bold_158.png,0.5,1.0,0.5,False,26.238179628325398,0.20729401343396445
158,/project/4180000.36/awake/bids/rat/sub-0400110/ses-1/func/sub-0400110_ses-1_run-1_task-rest_bold.nii.gz,func_func_sub-0400110_ses-1_run-1_task-rest_bold_159.png,0.5,1.0,0.5,False,17.88943573781492,0.09892327202625582
159,/project/4180000.36/awake/bids/rat/sub-0400110/ses-1/func/sub-0400110_ses-1_run-2_task-rest_bold.nii.gz,func_func_sub-0400110_ses-1_run-2_task-rest_bold_160.png,0.5,1.0,0.5,False,25.023127072001202,0.03150447356475393
160,/project/4180000.36/awake/bids/rat/sub-0400111/ses-1/func/sub-0400111_ses-1_run-1_task-rest_bold.nii.gz,func_func_sub-0400111_ses-1_run-1_task-rest_bold_161.png,0.5,1.0,0.5,False,22.35298240406447,0.07658960311350424
161,/project/4180000.36/awake/bids/rat/sub-0400111/ses-1/func/sub-0400111_ses-1_run-2_task-rest_bold.nii.gz,func_func_sub-0400111_ses-1_run-2_task-rest_bold_162.png,0.5,1.0,0.5,True,25.25065721216638,0.08750057188225223
162,/project/4180000.36/awake/bids/rat/sub-0400112/ses-1/func/sub-0400112_ses-1_run-1_task-rest_bold.nii.gz,func_func_sub-0400112_ses-1_run-1_task-rest_bold_163.png,0.5,1.0,0.5,False,26.73116627210806,0.04637124426212017
163,/project/4180000.36/awake/bids/rat/sub-0400112/ses-1/func/sub-0400112_ses-1_run-2_task-rest_bold.nii.gz,func_func_sub-0400112_ses-1_run-2_task-rest_bold_164.png,0.5,1.0,0.5,False,27.143706119828693,0.052488337820442814
164,/project/4180000.36/awake/bids/rat/sub-0400113/ses-1/func/sub-0400113_ses-1_run-2_task-rest_bold.nii.gz,func_func_sub-0400113_ses-1_run-2_task-rest_bold_165.png,0.5,1.0,0.5,True,24.8035714200307,0.08365338203958055
165,/project/4180000.36/awake/bids/rat/sub-0400113/ses-1/func/sub-0400113_ses-1_run-1_task-rest_bold.nii.gz,func_func_sub-0400113_ses-1_run-1_task-rest_bold_166.png,0.5,1.0,0.5,False,15.034769393530398,0.17140065916292485
166,/project/4180000.36/awake/bids/rat/sub-0400114/ses-1/func/sub-0400114_ses-1_run-1_task-rest_bold.nii.gz,func_func_sub-0400114_ses-1_run-1_task-rest_bold_167.png,0.5,1.0,0.5,False,29.951872903620917,0.05340359039160496
167,/project/4180000.36/awake/bids/rat/sub-0400114/ses-1/func/sub-0400114_ses-1_run-2_task-rest_bold.nii.gz,func_func_sub-0400114_ses-1_run-2_task-rest_bold_168.png,0.5,1.0,0.5,False,29.95983218895738,0.03643219920520466
168,/project/4180000.36/awake/bids/rat/sub-0400114/ses-1/func/sub-0400114_ses-1_run-3_task-rest_bold.nii.gz,func_func_sub-0400114_ses-1_run-3_task-rest_bold_169.png,0.5,1.0,0.5,False,29.25205350181526,0.06406535979946008
169,/project/4180000.36/awake/bids/rat/sub-0400115/ses-1/func/sub-0400115_ses-1_run-2_task-rest_bold.nii.gz,func_func_sub-0400115_ses-1_run-2_task-rest_bold_170.png,0.5,1.0,0.5,False,27.8505478470916,0.047244093590650765
170,/project/4180000.36/awake/bids/rat/sub-0400115/ses-1/func/sub-0400115_ses-1_run-1_task-rest_bold.nii.gz,func_func_sub-0400115_ses-1_run-1_task-rest_bold_171.png,0.5,1.0,0.5,False,23.653398606638692,0.0423360986241103
171,/project/4180000.36/awake/bids/rat/sub-0400116/ses-1/func/sub-0400116_ses-1_run-1_task-rest_bold.nii.gz,func_func_sub-0400116_ses-1_run-1_task-rest_bold_172.png,0.5,1.0,0.5,False,29.00733461630827,0.14531592109579583
172,/project/4180000.36/awake/bids/rat/sub-0400116/ses-1/func/sub-0400116_ses-1_run-2_task-rest_bold.nii.gz,func_func_sub-0400116_ses-1_run-2_task-rest_bold_173.png,0.5,1.0,0.5,False,31.16425470975321,0.06442465847903038
173,/project/4180000.36/awake/bids/rat/sub-0400116/ses-1/func/sub-0400116_ses-1_run-3_task-rest_bold.nii.gz,func_func_sub-0400116_ses-1_run-3_task-rest_bold_174.png,0.5,1.0,0.5,False,26.79173646357392,0.27003797221645803
174,/project/4180000.36/awake/bids/rat/sub-0400118/ses-1/func/sub-0400118_ses-1_run-2_task-rest_bold.nii.gz,func_func_sub-0400118_ses-1_run-2_task-rest_bold_175.png,0.5,1.0,0.5,False,27.68772166786473,0.08960037846980519
175,/project/4180000.36/awake/bids/rat/sub-0400118/ses-1/func/sub-0400118_ses-1_run-1_task-rest_bold.nii.gz,func_func_sub-0400118_ses-1_run-1_task-rest_bold_176.png,0.5,1.0,0.5,False,21.959632850418508,0.13609960879499552
176,/project/4180000.36/awake/bids/rat/sub-0400118/ses-1/func/sub-0400118_ses-1_run-3_task-rest_bold.nii.gz,func_func_sub-0400118_ses-1_run-3_task-rest_bold_177.png,0.5,1.0,0.5,False,27.661774300358285,0.11540294993567166
177,/project/4180000.36/awake/bids/rat/sub-0400118/ses-1/func/sub-0400118_ses-1_run-4_task-rest_bold.nii.gz,func_func_sub-0400118_ses-1_run-4_task-rest_bold_178.png,0.5,1.0,0.5,False,25.465983644108373,0.13138037304552513
178,/project/4180000.36/awake/bids/rat/sub-0400119/ses-1/func/sub-0400119_ses-1_run-1_task-rest_bold.nii.gz,func_func_sub-0400119_ses-1_run-1_task-rest_bold_179.png,0.5,1.0,0.5,False,25.167787307979406,0.09736410074353628
179,/project/4180000.36/awake/bids/rat/sub-0400119/ses-1/func/sub-0400119_ses-1_run-2_task-rest_bold.nii.gz,func_func_sub-0400119_ses-1_run-2_task-rest_bold_180.png,0.5,1.0,0.5,False,26.68942976613516,0.059487508536705376
180,/project/4180000.36/awake/bids/rat/sub-0400119/ses-1/func/sub-0400119_ses-1_run-3_task-rest_bold.nii.gz,func_func_sub-0400119_ses-1_run-3_task-rest_bold_181.png,0.5,1.0,0.5,False,27.482820034260385,0.07485681492721448
181,/project/4180000.36/awake/bids/rat/sub-0400119/ses-1/func/sub-0400119_ses-1_run-4_task-rest_bold.nii.gz,func_func_sub-0400119_ses-1_run-4_task-rest_bold_182.png,0.5,1.0,0.5,False,27.74031497867355,0.06864663690215037
182,/project/4180000.36/awake/bids/rat/sub-0400120/ses-1/func/sub-0400120_ses-1_run-3_task-rest_bold.nii.gz,func_func_sub-0400120_ses-1_run-3_task-rest_bold_183.png,0.5,1.0,0.5,False,28.329568121386988,0.08982973275025073
183,/project/4180000.36/awake/bids/rat/sub-0400120/ses-1/func/sub-0400120_ses-1_run-2_task-rest_bold.nii.gz,func_func_sub-0400120_ses-1_run-2_task-rest_bold_184.png,0.5,1.0,0.5,False,28.26723364748459,0.043075286487882995
184,/project/4180000.36/awake/bids/rat/sub-0400120/ses-1/func/sub-0400120_ses-1_run-1_task-rest_bold.nii.gz,func_func_sub-0400120_ses-1_run-1_task-rest_bold_185.png,0.5,1.0,0.5,False,23.93787365463331,0.05715520515667233
185,/project/4180000.36/awake/bids/rat/sub-0400120/ses-1/func/sub-0400120_ses-1_run-4_task-rest_bold.nii.gz,func_func_sub-0400120_ses-1_run-4_task-rest_bold_186.png,0.5,1.0,0.5,False,26.792509318154234,0.0878132835889648
186,/project/4180000.36/awake/bids/rat/sub-0400121/ses-1/func/sub-0400121_ses-1_run-1_task-rest_bold.nii.gz,func_func_sub-0400121_ses-1_run-1_task-rest_bold_187.png,0.5,1.0,0.5,False,22.03268232590065,0.10388151605954325
187,/project/4180000.36/awake/bids/rat/sub-0400121/ses-1/func/sub-0400121_ses-1_run-2_task-rest_bold.nii.gz,func_func_sub-0400121_ses-1_run-2_task-rest_bold_188.png,0.5,1.0,0.5,False,27.848765413686667,0.0743046327849673
188,/project/4180000.36/awake/bids/rat/sub-0400121/ses-1/func/sub-0400121_ses-1_run-3_task-rest_bold.nii.gz,func_func_sub-0400121_ses-1_run-3_task-rest_bold_189.png,0.5,1.0,0.5,False,28.421301144659612,0.07233380619322817
189,/project/4180000.36/awake/bids/rat/sub-0400121/ses-1/func/sub-0400121_ses-1_run-4_task-rest_bold.nii.gz,func_func_sub-0400121_ses-1_run-4_task-rest_bold_190.png,0.5,1.0,0.5,False,29.212291159343927,0.07023753451940472
190,/project/4180000.36/awake/bids/rat/sub-0400122/ses-1/func/sub-0400122_ses-1_run-1_task-rest_bold.nii.gz,func_func_sub-0400122_ses-1_run-1_task-rest_bold_191.png,0.5,1.0,0.5,False,22.96408132416509,0.08973261801483973
191,/project/4180000.36/awake/bids/rat/sub-0400122/ses-1/func/sub-0400122_ses-1_run-2_task-rest_bold.nii.gz,func_func_sub-0400122_ses-1_run-2_task-rest_bold_192.png,0.5,1.0,0.5,False,24.364505609708125,0.06604884413237261
192,/project/4180000.36/awake/bids/rat/sub-0400123/ses-1/func/sub-0400123_ses-1_run-1_task-rest_bold.nii.gz,func_func_sub-0400123_ses-1_run-1_task-rest_bold_193.png,0.5,1.0,0.5,False,25.203335893765374,0.05702034416013385
193,/project/4180000.36/awake/bids/rat/sub-0400123/ses-1/func/sub-0400123_ses-1_run-2_task-rest_bold.nii.gz,func_func_sub-0400123_ses-1_run-2_task-rest_bold_194.png,0.5,1.0,0.5,False,26.95980187187973,0.04804587776689435
194,/project/4180000.36/awake/bids/rat/sub-0400123/ses-1/func/sub-0400123_ses-1_run-3_task-rest_bold.nii.gz,func_func_sub-0400123_ses-1_run-3_task-rest_bold_195.png,0.5,0.5,0.5,True,19.81953556318639,0.054864693823239545
195,/project/4180000.36/awake/bids/rat/sub-0400123/ses-1/func/sub-0400123_ses-1_run-4_task-rest_bold.nii.gz,func_func_sub-0400123_ses-1_run-4_task-rest_bold_196.png,0.5,0.5,0.5,False,24.420735989567568,0.018051888062181012
196,/project/4180000.36/awake/bids/rat/sub-0400124/ses-1/func/sub-0400124_ses-1_run-1_task-rest_bold.nii.gz,func_func_sub-0400124_ses-1_run-1_task-rest_bold_197.png,0.5,1.0,0.5,False,16.873084516182697,0.04426723958134018
197,/project/4180000.36/awake/bids/rat/sub-0400124/ses-1/func/sub-0400124_ses-1_run-2_task-rest_bold.nii.gz,func_func_sub-0400124_ses-1_run-2_task-rest_bold_198.png,0.5,1.0,0.5,False,23.172232128858973,0.020165333543520576
198,/project/4180000.36/awake/bids/rat/sub-0400125/ses-1/func/sub-0400125_ses-1_run-1_task-rest_bold.nii.gz,func_func_sub-0400125_ses-1_run-1_task-rest_bold_199.png,0.5,1.0,0.5,False,26.359361454397582,0.09445523500093587
199,/project/4180000.36/awake/bids/rat/sub-0400125/ses-1/func/sub-0400125_ses-1_run-2_task-rest_bold.nii.gz,func_func_sub-0400125_ses-1_run-2_task-rest_bold_200.png,0.5,1.0,0.5,False,27.908207412084018,0.05423480280637745
200,/project/4180000.36/awake/bids/rat/sub-0400126/ses-1/func/sub-0400126_ses-1_run-1_task-rest_bold.nii.gz,func_func_sub-0400126_ses-1_run-1_task-rest_bold_201.png,0.5,1.0,0.5,False,20.046032530773143,0.12438548835794333
201,/project/4180000.36/awake/bids/rat/sub-0400126/ses-1/func/sub-0400126_ses-1_run-2_task-rest_bold.nii.gz,func_func_sub-0400126_ses-1_run-2_task-rest_bold_202.png,0.5,1.0,0.5,False,29.272742753231817,0.09350911015243786
202,/project/4180000.36/awake/bids/rat/sub-0400126/ses-1/func/sub-0400126_ses-1_run-3_task-rest_bold.nii.gz,func_func_sub-0400126_ses-1_run-3_task-rest_bold_203.png,0.5,1.0,0.5,False,26.150510809040103,0.12173957245946064
203,/project/4180000.36/awake/bids/rat/sub-0400127/ses-1/func/sub-0400127_ses-1_run-1_task-rest_bold.nii.gz,func_func_sub-0400127_ses-1_run-1_task-rest_bold_204.png,0.5,1.0,0.5,False,18.78186641666724,0.08831144574528858
204,/project/4180000.36/awake/bids/rat/sub-0400127/ses-1/func/sub-0400127_ses-1_run-2_task-rest_bold.nii.gz,func_func_sub-0400127_ses-1_run-2_task-rest_bold_205.png,0.5,1.0,0.5,False,20.131379922102205,0.07948031993123784
205,/project/4180000.36/awake/bids/rat/sub-0400127/ses-1/func/sub-0400127_ses-1_run-3_task-rest_bold.nii.gz,func_func_sub-0400127_ses-1_run-3_task-rest_bold_206.png,0.5,1.0,0.5,False,21.078131477061493,0.07667652655308013
206,/project/4180000.36/awake/bids/rat/sub-0400127/ses-1/func/sub-0400127_ses-1_run-4_task-rest_bold.nii.gz,func_func_sub-0400127_ses-1_run-4_task-rest_bold_207.png,0.5,1.0,0.5,False,24.12719920971157,0.06139065401572535
207,/project/4180000.36/awake/bids/rat/sub-0400128/ses-1/func/sub-0400128_ses-1_run-1_task-rest_bold.nii.gz,func_func_sub-0400128_ses-1_run-1_task-rest_bold_208.png,0.5,1.0,0.5,False,19.596286467604877,0.23809858369741738
208,/project/4180000.36/awake/bids/rat/sub-0400128/ses-1/func/sub-0400128_ses-1_run-2_task-rest_bold.nii.gz,func_func_sub-0400128_ses-1_run-2_task-rest_bold_209.png,0.5,1.0,0.5,False,12.894065589977464,0.17109499309680748
209,/project/4180000.36/awake/bids/rat/sub-0400128/ses-1/func/sub-0400128_ses-1_run-3_task-rest_bold.nii.gz,func_func_sub-0400128_ses-1_run-3_task-rest_bold_210.png,0.5,1.0,0.5,False,15.562740410559227,0.04377188936082734
210,/project/4180000.36/awake/bids/rat/sub-0400128/ses-1/func/sub-0400128_ses-1_run-4_task-rest_bold.nii.gz,func_func_sub-0400128_ses-1_run-4_task-rest_bold_211.png,0.5,1.0,0.5,False,19.325736394756536,0.09102561516876118
211,/project/4180000.36/awake/bids/rat/sub-0400129/ses-1/func/sub-0400129_ses-1_run-1_task-rest_bold.nii.gz,func_func_sub-0400129_ses-1_run-1_task-rest_bold_212.png,0.5,1.0,0.5,False,22.193096665104346,0.10052046800959935
212,/project/4180000.36/awake/bids/rat/sub-0400129/ses-1/func/sub-0400129_ses-1_run-2_task-rest_bold.nii.gz,func_func_sub-0400129_ses-1_run-2_task-rest_bold_213.png,0.5,1.0,0.5,False,24.89445859652921,0.08240497309481361
213,/project/4180000.36/awake/bids/rat/sub-0400129/ses-1/func/sub-0400129_ses-1_run-3_task-rest_bold.nii.gz,func_func_sub-0400129_ses-1_run-3_task-rest_bold_214.png,0.5,1.0,0.5,False,27.82593217566421,0.06151452839596433
214,/project/4180000.36/awake/bids/rat/sub-0400129/ses-1/func/sub-0400129_ses-1_run-4_task-rest_bold.nii.gz,func_func_sub-0400129_ses-1_run-4_task-rest_bold_215.png,0.5,1.0,0.5,False,26.395505465071793,0.06720045571323838
215,/project/4180000.36/awake/bids/rat/sub-0400130/ses-1/func/sub-0400130_ses-1_run-1_task-rest_bold.nii.gz,func_func_sub-0400130_ses-1_run-1_task-rest_bold_216.png,0.5,1.0,0.5,False,22.659166723688074,0.09762468852949105
216,/project/4180000.36/awake/bids/rat/sub-0400130/ses-1/func/sub-0400130_ses-1_run-2_task-rest_bold.nii.gz,func_func_sub-0400130_ses-1_run-2_task-rest_bold_217.png,0.5,1.0,0.5,False,25.30337311374177,0.07973164965798285
217,/project/4180000.36/awake/bids/rat/sub-0400130/ses-1/func/sub-0400130_ses-1_run-3_task-rest_bold.nii.gz,func_func_sub-0400130_ses-1_run-3_task-rest_bold_218.png,0.5,1.0,0.5,False,24.146461439849233,0.04885099349203745
218,/project/4180000.36/awake/bids/rat/sub-0400130/ses-1/func/sub-0400130_ses-1_run-4_task-rest_bold.nii.gz,func_func_sub-0400130_ses-1_run-4_task-rest_bold_219.png,0.5,1.0,0.5,False,24.102649239783375,0.08754188971095282
219,/project/4180000.36/awake/bids/rat/sub-0400131/ses-1/func/sub-0400131_ses-1_run-1_task-rest_bold.nii.gz,func_func_sub-0400131_ses-1_run-1_task-rest_bold_220.png,0.5,1.0,0.5,False,6.3959963206801715,0.20041579541787893
220,/project/4180000.36/awake/bids/rat/sub-0400131/ses-1/func/sub-0400131_ses-1_run-2_task-rest_bold.nii.gz,func_func_sub-0400131_ses-1_run-2_task-rest_bold_221.png,0.5,1.0,0.5,False,24.488389322848885,0.1331546301940608
221,/project/4180000.36/awake/bids/rat/sub-0400131/ses-1/func/sub-0400131_ses-1_run-3_task-rest_bold.nii.gz,func_func_sub-0400131_ses-1_run-3_task-rest_bold_222.png,0.5,1.0,0.5,False,24.78970488652271,0.16792711024317275
222,/project/4180000.36/awake/bids/rat/sub-0400131/ses-1/func/sub-0400131_ses-1_run-4_task-rest_bold.nii.gz,func_func_sub-0400131_ses-1_run-4_task-rest_bold_223.png,0.5,1.0,0.5,False,22.977546790426445,0.12981723505368944
223,/project/4180000.36/awake/bids/rat/sub-0400132/ses-1/func/sub-0400132_ses-1_run-1_task-rest_bold.nii.gz,func_func_sub-0400132_ses-1_run-1_task-rest_bold_224.png,0.5,1.0,0.5,False,8.16388644012922,0.07352676477091033
224,/project/4180000.36/awake/bids/rat/sub-0400132/ses-1/func/sub-0400132_ses-1_run-2_task-rest_bold.nii.gz,func_func_sub-0400132_ses-1_run-2_task-rest_bold_225.png,0.5,1.0,0.5,False,26.385180382258834,0.07074335411320612
225,/project/4180000.36/awake/bids/rat/sub-0400132/ses-1/func/sub-0400132_ses-1_run-3_task-rest_bold.nii.gz,func_func_sub-0400132_ses-1_run-3_task-rest_bold_226.png,0.5,1.0,0.5,False,26.18100564575738,0.10417532377332035
226,/project/4180000.36/awake/bids/rat/sub-0400132/ses-1/func/sub-0400132_ses-1_run-4_task-rest_bold.nii.gz,func_func_sub-0400132_ses-1_run-4_task-rest_bold_227.png,0.5,1.0,0.5,False,26.337129255780052,0.11593655399173412
227,/project/4180000.36/awake/bids/rat/sub-0400133/ses-1/func/sub-0400133_ses-1_run-2_task-rest_bold.nii.gz,func_func_sub-0400133_ses-1_run-2_task-rest_bold_228.png,0.5,1.0,0.5,False,28.668946650352726,0.0514186031131075
228,/project/4180000.36/awake/bids/rat/sub-0400133/ses-1/func/sub-0400133_ses-1_run-1_task-rest_bold.nii.gz,func_func_sub-0400133_ses-1_run-1_task-rest_bold_229.png,0.5,1.0,0.5,False,17.58895946181299,0.10420943927921585
229,/project/4180000.36/awake/bids/rat/sub-0400133/ses-1/func/sub-0400133_ses-1_run-3_task-rest_bold.nii.gz,func_func_sub-0400133_ses-1_run-3_task-rest_bold_230.png,0.5,1.0,0.5,False,27.08973112901062,0.02821816681946006
230,/project/4180000.36/awake/bids/rat/sub-0400133/ses-1/func/sub-0400133_ses-1_run-4_task-rest_bold.nii.gz,func_func_sub-0400133_ses-1_run-4_task-rest_bold_231.png,0.5,1.0,0.5,False,25.885907904486537,0.15129859710273055
231,/project/4180000.36/awake/bids/rat/sub-0400134/ses-1/func/sub-0400134_ses-1_run-1_task-rest_bold.nii.gz,func_func_sub-0400134_ses-1_run-1_task-rest_bold_232.png,0.5,1.0,0.5,False,27.289282484119077,0.12547678043189092
232,/project/4180000.36/awake/bids/rat/sub-0400134/ses-1/func/sub-0400134_ses-1_run-2_task-rest_bold.nii.gz,func_func_sub-0400134_ses-1_run-2_task-rest_bold_233.png,0.5,1.0,0.5,False,29.462187353843504,0.04017547858246068
233,/project/4180000.36/awake/bids/rat/sub-0400134/ses-1/func/sub-0400134_ses-1_run-3_task-rest_bold.nii.gz,func_func_sub-0400134_ses-1_run-3_task-rest_bold_234.png,0.5,1.0,0.5,False,29.727607160350438,0.04576979489103278
234,/project/4180000.36/awake/bids/rat/sub-0400134/ses-1/func/sub-0400134_ses-1_run-4_task-rest_bold.nii.gz,func_func_sub-0400134_ses-1_run-4_task-rest_bold_235.png,0.5,1.0,0.5,False,30.14735833317758,0.0437118412171191
235,/project/4180000.36/awake/bids/rat/sub-0400135/ses-1/func/sub-0400135_ses-1_run-1_task-rest_bold.nii.gz,func_func_sub-0400135_ses-1_run-1_task-rest_bold_236.png,0.5,1.0,0.5,False,20.98847585312335,0.1124086854864428
236,/project/4180000.36/awake/bids/rat/sub-0400135/ses-1/func/sub-0400135_ses-1_run-2_task-rest_bold.nii.gz,func_func_sub-0400135_ses-1_run-2_task-rest_bold_237.png,0.5,1.0,0.5,True,26.11508405772851,0.20395651686076866
237,/project/4180000.36/awake/bids/rat/sub-0400136/ses-1/func/sub-0400136_ses-1_run-1_task-rest_bold.nii.gz,func_func_sub-0400136_ses-1_run-1_task-rest_bold_238.png,0.5,1.0,0.5,False,24.361194238850928,0.11978287307248689
238,/project/4180000.36/awake/bids/rat/sub-0400136/ses-1/func/sub-0400136_ses-1_run-2_task-rest_bold.nii.gz,func_func_sub-0400136_ses-1_run-2_task-rest_bold_239.png,0.5,1.0,0.5,False,22.266516956821057,0.09951197328761038
239,/project/4180000.36/awake/bids/rat/sub-0400136/ses-1/func/sub-0400136_ses-1_run-3_task-rest_bold.nii.gz,func_func_sub-0400136_ses-1_run-3_task-rest_bold_240.png,0.5,1.0,0.5,False,21.663263600571575,0.05270343893348639
240,/project/4180000.36/awake/bids/rat/sub-0400136/ses-1/func/sub-0400136_ses-1_run-4_task-rest_bold.nii.gz,func_func_sub-0400136_ses-1_run-4_task-rest_bold_241.png,0.5,1.0,0.5,False,20.639342423138405,0.07854335882427192
241,/project/4180000.36/awake/bids/rat/sub-0400137/ses-1/func/sub-0400137_ses-1_run-1_task-rest_bold.nii.gz,func_func_sub-0400137_ses-1_run-1_task-rest_bold_242.png,0.5,1.0,0.5,False,-0.49759514279165007,0.04492294643420625
242,/project/4180000.36/awake/bids/rat/sub-0400137/ses-1/func/sub-0400137_ses-1_run-2_task-rest_bold.nii.gz,func_func_sub-0400137_ses-1_run-2_task-rest_bold_243.png,0.5,1.0,0.5,False,28.63133502082217,0.04092345404569429
243,/project/4180000.36/awake/bids/rat/sub-0400137/ses-1/func/sub-0400137_ses-1_run-3_task-rest_bold.nii.gz,func_func_sub-0400137_ses-1_run-3_task-rest_bold_244.png,0.5,1.0,0.5,False,21.099427248855378,0.1822765125927135
244,/project/4180000.36/awake/bids/rat/sub-0400137/ses-1/func/sub-0400137_ses-1_run-4_task-rest_bold.nii.gz,func_func_sub-0400137_ses-1_run-4_task-rest_bold_245.png,0.5,1.0,0.5,False,17.53992547462339,0.02454555152464455
245,/project/4180000.36/awake/bids/rat/sub-0400138/ses-1/func/sub-0400138_ses-1_run-4_task-rest_bold.nii.gz,func_func_sub-0400138_ses-1_run-4_task-rest_bold_246.png,0.5,1.0,0.5,False,22.280103129853337,0.11891763332756417
246,/project/4180000.36/awake/bids/rat/sub-0400138/ses-1/func/sub-0400138_ses-1_run-1_task-rest_bold.nii.gz,func_func_sub-0400138_ses-1_run-1_task-rest_bold_247.png,0.5,1.0,0.5,False,12.943232956910059,0.1195520901743129
247,/project/4180000.36/awake/bids/rat/sub-0400138/ses-1/func/sub-0400138_ses-1_run-2_task-rest_bold.nii.gz,func_func_sub-0400138_ses-1_run-2_task-rest_bold_248.png,0.5,1.0,0.5,False,27.02615742816444,0.08024269617080258
248,/project/4180000.36/awake/bids/rat/sub-0400138/ses-1/func/sub-0400138_ses-1_run-3_task-rest_bold.nii.gz,func_func_sub-0400138_ses-1_run-3_task-rest_bold_249.png,0.5,1.0,0.5,False,22.192964254771205,0.03242324904952002
249,/project/4180000.36/awake/bids/rat/sub-0400139/ses-1/func/sub-0400139_ses-1_run-4_task-rest_bold.nii.gz,func_func_sub-0400139_ses-1_run-4_task-rest_bold_250.png,0.5,1.0,0.5,False,23.92824502001448,0.03810885149212722
250,/project/4180000.36/awake/bids/rat/sub-0400139/ses-1/func/sub-0400139_ses-1_run-1_task-rest_bold.nii.gz,func_func_sub-0400139_ses-1_run-1_task-rest_bold_251.png,0.5,1.0,0.5,False,22.829168662497516,0.06362661767062194
251,/project/4180000.36/awake/bids/rat/sub-0400139/ses-1/func/sub-0400139_ses-1_run-2_task-rest_bold.nii.gz,func_func_sub-0400139_ses-1_run-2_task-rest_bold_252.png,0.5,1.0,0.5,False,25.41664148241229,0.0638897597567003
252,/project/4180000.36/awake/bids/rat/sub-0400139/ses-1/func/sub-0400139_ses-1_run-3_task-rest_bold.nii.gz,func_func_sub-0400139_ses-1_run-3_task-rest_bold_253.png,0.5,1.0,0.5,False,24.55063470380927,0.10569896984273229
253,/project/4180000.36/awake/bids/rat/sub-0400140/ses-1/func/sub-0400140_ses-1_run-1_task-rest_bold.nii.gz,func_func_sub-0400140_ses-1_run-1_task-rest_bold_254.png,0.5,1.0,0.5,False,23.949964238488903,0.09074512795800134
254,/project/4180000.36/awake/bids/rat/sub-0400140/ses-1/func/sub-0400140_ses-1_run-2_task-rest_bold.nii.gz,func_func_sub-0400140_ses-1_run-2_task-rest_bold_255.png,0.5,1.0,0.5,False,30.480620355039697,0.04772423101341296
255,/project/4180000.36/awake/bids/rat/sub-0400140/ses-1/func/sub-0400140_ses-1_run-3_task-rest_bold.nii.gz,func_func_sub-0400140_ses-1_run-3_task-rest_bold_256.png,0.5,1.0,0.5,False,29.57321945556455,0.04667655914415092
256,/project/4180000.36/awake/bids/rat/sub-0400140/ses-1/func/sub-0400140_ses-1_run-4_task-rest_bold.nii.gz,func_func_sub-0400140_ses-1_run-4_task-rest_bold_257.png,0.5,1.0,0.5,False,30.364302506898035,0.050232627009831304
257,/project/4180000.36/awake/bids/rat/sub-0400141/ses-1/func/sub-0400141_ses-1_run-1_task-rest_bold.nii.gz,func_func_sub-0400141_ses-1_run-1_task-rest_bold_258.png,0.5,1.0,0.5,False,18.233223456638058,0.1410718751976339
258,/project/4180000.36/awake/bids/rat/sub-0400141/ses-1/func/sub-0400141_ses-1_run-2_task-rest_bold.nii.gz,func_func_sub-0400141_ses-1_run-2_task-rest_bold_259.png,0.5,1.0,0.5,False,27.847319214159853,0.13059005961264367
259,/project/4180000.36/awake/bids/rat/sub-0400141/ses-1/func/sub-0400141_ses-1_run-3_task-rest_bold.nii.gz,func_func_sub-0400141_ses-1_run-3_task-rest_bold_260.png,0.5,1.0,0.5,False,26.801381955062663,0.15365550869486297
260,/project/4180000.36/awake/bids/rat/sub-0400141/ses-1/func/sub-0400141_ses-1_run-4_task-rest_bold.nii.gz,func_func_sub-0400141_ses-1_run-4_task-rest_bold_261.png,0.5,1.0,0.5,False,27.14535908363965,0.1552766509711759
261,/project/4180000.36/awake/bids/rat/sub-0400142/ses-1/func/sub-0400142_ses-1_run-1_task-rest_bold.nii.gz,func_func_sub-0400142_ses-1_run-1_task-rest_bold_262.png,0.5,1.0,0.5,False,23.72825265485822,0.10098360375749033
262,/project/4180000.36/awake/bids/rat/sub-0400142/ses-1/func/sub-0400142_ses-1_run-2_task-rest_bold.nii.gz,func_func_sub-0400142_ses-1_run-2_task-rest_bold_263.png,0.5,1.0,0.5,False,29.86880966649289,0.0977519460725704
263,/project/4180000.36/awake/bids/rat/sub-0400142/ses-1/func/sub-0400142_ses-1_run-3_task-rest_bold.nii.gz,func_func_sub-0400142_ses-1_run-3_task-rest_bold_264.png,0.5,1.0,0.5,False,30.036027057096433,0.08096431763262522
264,/project/4180000.36/awake/bids/rat/sub-0400142/ses-1/func/sub-0400142_ses-1_run-4_task-rest_bold.nii.gz,func_func_sub-0400142_ses-1_run-4_task-rest_bold_265.png,0.5,1.0,0.5,False,29.467764655186457,0.1030410484030991
265,/project/4180000.36/awake/bids/rat/sub-0400143/ses-1/func/sub-0400143_ses-1_run-2_task-rest_bold.nii.gz,func_func_sub-0400143_ses-1_run-2_task-rest_bold_266.png,0.5,1.0,0.5,False,31.30500702135197,0.028937680949822853
266,/project/4180000.36/awake/bids/rat/sub-0400143/ses-1/func/sub-0400143_ses-1_run-1_task-rest_bold.nii.gz,func_func_sub-0400143_ses-1_run-1_task-rest_bold_267.png,0.5,1.0,0.5,False,23.77874369925516,0.06476834421682928
267,/project/4180000.36/awake/bids/rat/sub-0400143/ses-1/func/sub-0400143_ses-1_run-3_task-rest_bold.nii.gz,func_func_sub-0400143_ses-1_run-3_task-rest_bold_268.png,0.5,1.0,0.5,False,28.15730259621926,0.11275079134635689
268,/project/4180000.36/awake/bids/rat/sub-0400143/ses-1/func/sub-0400143_ses-1_run-4_task-rest_bold.nii.gz,func_func_sub-0400143_ses-1_run-4_task-rest_bold_269.png,0.5,1.0,0.5,False,28.05738341146946,0.09527270383410648
269,/project/4180000.36/awake/bids/rat/sub-0400144/ses-1/func/sub-0400144_ses-1_run-3_task-rest_bold.nii.gz,func_func_sub-0400144_ses-1_run-3_task-rest_bold_270.png,0.5,1.0,0.5,False,11.353300067506286,0.11465414604595947
270,/project/4180000.36/awake/bids/rat/sub-0400144/ses-1/func/sub-0400144_ses-1_run-1_task-rest_bold.nii.gz,func_func_sub-0400144_ses-1_run-1_task-rest_bold_271.png,0.5,1.0,0.5,False,6.260219455248404,0.02980915024593765
271,/project/4180000.36/awake/bids/rat/sub-0400144/ses-1/func/sub-0400144_ses-1_run-2_task-rest_bold.nii.gz,func_func_sub-0400144_ses-1_run-2_task-rest_bold_272.png,0.5,1.0,0.5,False,27.90999204100203,0.09997992921632143
272,/project/4180000.36/awake/bids/rat/sub-0400144/ses-1/func/sub-0400144_ses-1_run-4_task-rest_bold.nii.gz,func_func_sub-0400144_ses-1_run-4_task-rest_bold_273.png,0.5,1.0,0.5,False,29.16521200463501,0.11990702459157083
273,/project/4180000.36/awake/bids/rat/sub-0400145/ses-1/func/sub-0400145_ses-1_run-1_task-rest_bold.nii.gz,func_func_sub-0400145_ses-1_run-1_task-rest_bold_274.png,0.5,1.0,0.5,False,18.07943214958679,0.04082074018699013
274,/project/4180000.36/awake/bids/rat/sub-0400145/ses-1/func/sub-0400145_ses-1_run-2_task-rest_bold.nii.gz,func_func_sub-0400145_ses-1_run-2_task-rest_bold_275.png,0.5,1.0,0.5,False,29.068524330193522,0.06332318186174794
275,/project/4180000.36/awake/bids/rat/sub-0400145/ses-1/func/sub-0400145_ses-1_run-3_task-rest_bold.nii.gz,func_func_sub-0400145_ses-1_run-3_task-rest_bold_276.png,0.5,1.0,0.5,False,28.99511637590838,0.09224453723817361
276,/project/4180000.36/awake/bids/rat/sub-0400145/ses-1/func/sub-0400145_ses-1_run-4_task-rest_bold.nii.gz,func_func_sub-0400145_ses-1_run-4_task-rest_bold_277.png,0.5,1.0,0.5,False,29.197716626476648,0.13788915542602817
277,/project/4180000.36/awake/bids/rat/sub-0400146/ses-1/func/sub-0400146_ses-1_run-1_task-rest_bold.nii.gz,func_func_sub-0400146_ses-1_run-1_task-rest_bold_278.png,0.5,1.0,0.5,False,24.877849163548454,0.08337730844494899
278,/project/4180000.36/awake/bids/rat/sub-0400146/ses-1/func/sub-0400146_ses-1_run-2_task-rest_bold.nii.gz,func_func_sub-0400146_ses-1_run-2_task-rest_bold_279.png,0.5,1.0,0.5,False,27.78882583175925,0.0952169146897236
279,/project/4180000.36/awake/bids/rat/sub-0400146/ses-1/func/sub-0400146_ses-1_run-3_task-rest_bold.nii.gz,func_func_sub-0400146_ses-1_run-3_task-rest_bold_280.png,0.5,1.0,0.5,False,20.99742884655521,0.16233356436067312
280,/project/4180000.36/awake/bids/rat/sub-0400146/ses-1/func/sub-0400146_ses-1_run-4_task-rest_bold.nii.gz,func_func_sub-0400146_ses-1_run-4_task-rest_bold_281.png,0.5,1.0,0.5,False,25.479460360264827,0.03489280847430716
281,/project/4180000.36/awake/bids/rat/sub-0400147/ses-1/func/sub-0400147_ses-1_run-1_task-rest_bold.nii.gz,func_func_sub-0400147_ses-1_run-1_task-rest_bold_282.png,0.5,1.0,0.5,False,11.434348677093807,0.2128610681127791
282,/project/4180000.36/awake/bids/rat/sub-0400147/ses-1/func/sub-0400147_ses-1_run-2_task-rest_bold.nii.gz,func_func_sub-0400147_ses-1_run-2_task-rest_bold_283.png,0.5,1.0,0.5,False,23.14166848229633,0.043983212303623245
283,/project/4180000.36/awake/bids/rat/sub-0400147/ses-1/func/sub-0400147_ses-1_run-3_task-rest_bold.nii.gz,func_func_sub-0400147_ses-1_run-3_task-rest_bold_284.png,0.5,1.0,0.5,False,18.442483114402364,0.1473416205501681
284,/project/4180000.36/awake/bids/rat/sub-0400147/ses-1/func/sub-0400147_ses-1_run-4_task-rest_bold.nii.gz,func_func_sub-0400147_ses-1_run-4_task-rest_bold_285.png,0.5,1.0,0.5,False,16.250427695669448,0.12490782605947207
285,/project/4180000.36/awake/bids/rat/sub-0400148/ses-1/func/sub-0400148_ses-1_run-1_task-rest_bold.nii.gz,func_func_sub-0400148_ses-1_run-1_task-rest_bold_286.png,0.5,1.0,0.5,False,5.592451434259634,0.06756418417166643
286,/project/4180000.36/awake/bids/rat/sub-0400148/ses-1/func/sub-0400148_ses-1_run-2_task-rest_bold.nii.gz,func_func_sub-0400148_ses-1_run-2_task-rest_bold_287.png,0.5,1.0,0.5,False,24.321255742629013,0.07913668510008237
287,/project/4180000.36/awake/bids/rat/sub-0400148/ses-1/func/sub-0400148_ses-1_run-3_task-rest_bold.nii.gz,func_func_sub-0400148_ses-1_run-3_task-rest_bold_288.png,0.5,1.0,0.5,False,25.636238125118187,0.03210141974778864
288,/project/4180000.36/awake/bids/rat/sub-0400148/ses-1/func/sub-0400148_ses-1_run-4_task-rest_bold.nii.gz,func_func_sub-0400148_ses-1_run-4_task-rest_bold_289.png,0.5,1.0,0.5,False,27.371590072754778,0.03432554301238409
289,/project/4180000.36/awake/bids/rat/sub-0400149/ses-1/func/sub-0400149_ses-1_run-1_task-rest_bold.nii.gz,func_func_sub-0400149_ses-1_run-1_task-rest_bold_290.png,0.5,1.0,0.5,False,16.736811740030543,0.156581970082351
290,/project/4180000.36/awake/bids/rat/sub-0400149/ses-1/func/sub-0400149_ses-1_run-2_task-rest_bold.nii.gz,func_func_sub-0400149_ses-1_run-2_task-rest_bold_291.png,0.5,1.0,0.5,False,29.600876953085724,0.06823714855568086
291,/project/4180000.36/awake/bids/rat/sub-0400149/ses-1/func/sub-0400149_ses-1_run-3_task-rest_bold.nii.gz,func_func_sub-0400149_ses-1_run-3_task-rest_bold_292.png,0.5,1.0,0.5,False,27.515724648502527,0.1315722106081571
292,/project/4180000.36/awake/bids/rat/sub-0400149/ses-1/func/sub-0400149_ses-1_run-4_task-rest_bold.nii.gz,func_func_sub-0400149_ses-1_run-4_task-rest_bold_293.png,0.5,1.0,0.5,False,29.33091143945626,0.06858733935973221
293,/project/4180000.36/awake/bids/rat/sub-0400150/ses-1/func/sub-0400150_ses-1_run-1_task-rest_bold.nii.gz,func_func_sub-0400150_ses-1_run-1_task-rest_bold_294.png,0.5,1.0,0.5,False,21.148883880448334,0.08729566709781475
294,/project/4180000.36/awake/bids/rat/sub-0400150/ses-1/func/sub-0400150_ses-1_run-2_task-rest_bold.nii.gz,func_func_sub-0400150_ses-1_run-2_task-rest_bold_295.png,0.5,1.0,0.5,False,29.73375586195939,0.03863639880282365
295,/project/4180000.36/awake/bids/rat/sub-0400150/ses-1/func/sub-0400150_ses-1_run-3_task-rest_bold.nii.gz,func_func_sub-0400150_ses-1_run-3_task-rest_bold_296.png,0.5,1.0,0.5,False,29.105653782232483,0.05921221750766955
296,/project/4180000.36/awake/bids/rat/sub-0400150/ses-1/func/sub-0400150_ses-1_run-4_task-rest_bold.nii.gz,func_func_sub-0400150_ses-1_run-4_task-rest_bold_297.png,0.5,1.0,0.5,False,29.838770581326017,0.05558144750218495
297,/project/4180000.36/awake/bids/rat/sub-0400151/ses-1/func/sub-0400151_ses-1_run-1_task-rest_bold.nii.gz,func_func_sub-0400151_ses-1_run-1_task-rest_bold_298.png,0.5,1.0,0.5,False,13.427896247054106,0.09815793347897686
298,/project/4180000.36/awake/bids/rat/sub-0400151/ses-1/func/sub-0400151_ses-1_run-2_task-rest_bold.nii.gz,func_func_sub-0400151_ses-1_run-2_task-rest_bold_299.png,0.5,1.0,0.5,False,29.038646678693453,0.06018264526749673
299,/project/4180000.36/awake/bids/rat/sub-0400151/ses-1/func/sub-0400151_ses-1_run-3_task-rest_bold.nii.gz,func_func_sub-0400151_ses-1_run-3_task-rest_bold_300.png,0.5,1.0,0.5,False,29.25273321430403,0.0393213050488959
300,/project/4180000.36/awake/bids/rat/sub-0400151/ses-1/func/sub-0400151_ses-1_run-4_task-rest_bold.nii.gz,func_func_sub-0400151_ses-1_run-4_task-rest_bold_301.png,0.5,1.0,0.5,False,28.300754889324036,0.11430587994484477
301,/project/4180000.36/awake/bids/rat/sub-0400152/ses-1/func/sub-0400152_ses-1_run-1_task-rest_bold.nii.gz,func_func_sub-0400152_ses-1_run-1_task-rest_bold_302.png,0.5,1.0,0.5,False,21.527843269691584,0.07924534884058979
302,/project/4180000.36/awake/bids/rat/sub-0400152/ses-1/func/sub-0400152_ses-1_run-2_task-rest_bold.nii.gz,func_func_sub-0400152_ses-1_run-2_task-rest_bold_303.png,0.5,1.0,0.5,False,27.31152906608312,0.09178658535704082
303,/project/4180000.36/awake/bids/rat/sub-0400152/ses-1/func/sub-0400152_ses-1_run-3_task-rest_bold.nii.gz,func_func_sub-0400152_ses-1_run-3_task-rest_bold_304.png,0.5,1.0,0.5,False,26.053627096313843,0.1058807280282558
304,/project/4180000.36/awake/bids/rat/sub-0400152/ses-1/func/sub-0400152_ses-1_run-4_task-rest_bold.nii.gz,func_func_sub-0400152_ses-1_run-4_task-rest_bold_305.png,0.5,1.0,0.5,False,25.059540068937842,0.0881291933748238
305,/project/4180000.36/awake/bids/rat/sub-0400153/ses-1/func/sub-0400153_ses-1_run-1_task-rest_bold.nii.gz,func_func_sub-0400153_ses-1_run-1_task-rest_bold_306.png,0.5,1.0,0.5,False,29.200584113191198,0.08453228798985946
306,/project/4180000.36/awake/bids/rat/sub-0400154/ses-1/func/sub-0400154_ses-1_run-1_task-rest_bold.nii.gz,func_func_sub-0400154_ses-1_run-1_task-rest_bold_307.png,0.5,1.0,0.5,False,22.041192493334506,0.06282733891692113
307,/project/4180000.36/awake/bids/rat/sub-0400154/ses-1/func/sub-0400154_ses-1_run-2_task-rest_bold.nii.gz,func_func_sub-0400154_ses-1_run-2_task-rest_bold_308.png,0.5,1.0,0.5,True,26.104346225518444,0.042295826486404564
308,/project/4180000.36/awake/bids/rat/sub-0400154/ses-1/func/sub-0400154_ses-1_run-3_task-rest_bold.nii.gz,func_func_sub-0400154_ses-1_run-3_task-rest_bold_309.png,0.5,1.0,0.5,False,25.612581623652318,0.09195582039421696
309,/project/4180000.36/awake/bids/rat/sub-0400154/ses-1/func/sub-0400154_ses-1_run-4_task-rest_bold.nii.gz,func_func_sub-0400154_ses-1_run-4_task-rest_bold_310.png,0.5,1.0,0.5,False,26.569974031232455,0.05566593976606372
310,/project/4180000.36/awake/bids/rat/sub-0400155/ses-1/func/sub-0400155_ses-1_run-2_task-rest_bold.nii.gz,func_func_sub-0400155_ses-1_run-2_task-rest_bold_311.png,0.5,1.0,0.5,False,24.242523674370148,0.04418920816813552
311,/project/4180000.36/awake/bids/rat/sub-0400155/ses-1/func/sub-0400155_ses-1_run-1_task-rest_bold.nii.gz,func_func_sub-0400155_ses-1_run-1_task-rest_bold_312.png,0.5,1.0,0.5,False,16.417206527277358,0.0940977917081852
312,/project/4180000.36/awake/bids/rat/sub-0400156/ses-1/func/sub-0400156_ses-1_run-1_task-rest_bold.nii.gz,func_func_sub-0400156_ses-1_run-1_task-rest_bold_313.png,0.5,1.0,0.5,False,19.021086375941543,0.10338135790992174
313,/project/4180000.36/awake/bids/rat/sub-0400156/ses-1/func/sub-0400156_ses-1_run-2_task-rest_bold.nii.gz,func_func_sub-0400156_ses-1_run-2_task-rest_bold_314.png,0.5,1.0,0.5,False,16.944429267302965,0.1157433382846205
314,/project/4180000.36/awake/bids/rat/sub-0400156/ses-1/func/sub-0400156_ses-1_run-3_task-rest_bold.nii.gz,func_func_sub-0400156_ses-1_run-3_task-rest_bold_315.png,0.5,1.0,0.5,True,18.509943646045034,0.06263518377814117
315,/project/4180000.36/awake/bids/rat/sub-0400157/ses-1/func/sub-0400157_ses-1_run-1_task-rest_bold.nii.gz,func_func_sub-0400157_ses-1_run-1_task-rest_bold_316.png,0.5,1.0,0.5,False,21.588674478437472,0.1683273079544231
316,/project/4180000.36/awake/bids/rat/sub-0400157/ses-1/func/sub-0400157_ses-1_run-2_task-rest_bold.nii.gz,func_func_sub-0400157_ses-1_run-2_task-rest_bold_317.png,0.5,1.0,0.5,True,23.336663175478826,0.09503169403724676
317,/project/4180000.36/awake/bids/rat/sub-0400157/ses-1/func/sub-0400157_ses-1_run-3_task-rest_bold.nii.gz,func_func_sub-0400157_ses-1_run-3_task-rest_bold_318.png,0.5,1.0,0.5,True,20.754248831896692,0.15101096610059186
318,/project/4180000.36/awake/bids/rat/sub-0400157/ses-1/func/sub-0400157_ses-1_run-4_task-rest_bold.nii.gz,func_func_sub-0400157_ses-1_run-4_task-rest_bold_319.png,0.5,1.0,0.5,False,24.135654198253576,0.062307467284384514
319,/project/4180000.36/awake/bids/rat/sub-0400158/ses-1/func/sub-0400158_ses-1_run-1_task-rest_bold.nii.gz,func_func_sub-0400158_ses-1_run-1_task-rest_bold_320.png,0.5,1.0,0.5,False,20.311533184725683,0.09017280079086341
320,/project/4180000.36/awake/bids/rat/sub-0400158/ses-1/func/sub-0400158_ses-1_run-2_task-rest_bold.nii.gz,func_func_sub-0400158_ses-1_run-2_task-rest_bold_321.png,0.5,1.0,0.5,False,26.09045024243057,0.055684343426662154
321,/project/4180000.36/awake/bids/rat/sub-0400159/ses-1/func/sub-0400159_ses-1_run-1_task-rest_bold.nii.gz,func_func_sub-0400159_ses-1_run-1_task-rest_bold_322.png,0.5,1.0,0.5,False,29.162990452432886,0.09422762910355494
322,/project/4180000.36/awake/bids/rat/sub-0400159/ses-1/func/sub-0400159_ses-1_run-2_task-rest_bold.nii.gz,func_func_sub-0400159_ses-1_run-2_task-rest_bold_323.png,0.5,1.0,0.5,False,27.161209012232945,0.12169230043155518
323,/project/4180000.36/awake/bids/rat/sub-0400160/ses-1/func/sub-0400160_ses-1_run-1_task-rest_bold.nii.gz,func_func_sub-0400160_ses-1_run-1_task-rest_bold_324.png,0.5,1.0,0.5,False,26.643460848532392,0.06342414825327318
324,/project/4180000.36/awake/bids/rat/sub-0400160/ses-1/func/sub-0400160_ses-1_run-2_task-rest_bold.nii.gz,func_func_sub-0400160_ses-1_run-2_task-rest_bold_325.png,0.5,1.0,0.5,False,26.29870119458777,0.060912262583175975
325,/project/4180000.36/awake/bids/rat/sub-0400160/ses-1/func/sub-0400160_ses-1_run-3_task-rest_bold.nii.gz,func_func_sub-0400160_ses-1_run-3_task-rest_bold_326.png,0.5,1.0,0.5,False,27.00822298708315,0.04774767254565186
326,/project/4180000.36/awake/bids/rat/sub-0400161/ses-1/func/sub-0400161_ses-1_run-1_task-rest_bold.nii.gz,func_func_sub-0400161_ses-1_run-1_task-rest_bold_327.png,0.5,1.0,0.5,False,24.03934911751557,0.0852900327704544
327,/project/4180000.36/awake/bids/rat/sub-0400161/ses-1/func/sub-0400161_ses-1_run-2_task-rest_bold.nii.gz,func_func_sub-0400161_ses-1_run-2_task-rest_bold_328.png,0.5,1.0,0.5,False,25.011648584939486,0.06362905164783275
328,/project/4180000.36/awake/bids/rat/sub-0400161/ses-1/func/sub-0400161_ses-1_run-3_task-rest_bold.nii.gz,func_func_sub-0400161_ses-1_run-3_task-rest_bold_329.png,0.5,1.0,0.5,False,21.99803904676508,0.1257301738723633
329,/project/4180000.36/awake/bids/rat/sub-0400162/ses-1/func/sub-0400162_ses-1_run-1_task-rest_bold.nii.gz,func_func_sub-0400162_ses-1_run-1_task-rest_bold_330.png,0.5,1.0,0.5,False,26.308501817214175,0.08293669777448245
330,/project/4180000.36/awake/bids/rat/sub-0400162/ses-1/func/sub-0400162_ses-1_run-2_task-rest_bold.nii.gz,func_func_sub-0400162_ses-1_run-2_task-rest_bold_331.png,0.5,1.0,0.5,False,22.9918732987206,0.07680491961498932
331,/project/4180000.36/awake/bids/rat/sub-0400162/ses-1/func/sub-0400162_ses-1_run-3_task-rest_bold.nii.gz,func_func_sub-0400162_ses-1_run-3_task-rest_bold_332.png,0.5,1.0,0.5,False,23.251168664453143,0.06991745022707818
332,/project/4180000.36/awake/bids/rat/sub-0400163/ses-1/func/sub-0400163_ses-1_run-1_task-rest_bold.nii.gz,func_func_sub-0400163_ses-1_run-1_task-rest_bold_333.png,0.5,1.0,0.5,False,25.260405963329582,0.03757171151853171
333,/project/4180000.36/awake/bids/rat/sub-0400163/ses-1/func/sub-0400163_ses-1_run-2_task-rest_bold.nii.gz,func_func_sub-0400163_ses-1_run-2_task-rest_bold_334.png,0.5,1.0,0.5,False,24.99703561976845,0.040238275964461376
334,/project/4180000.36/awake/bids/rat/sub-0400163/ses-1/func/sub-0400163_ses-1_run-3_task-rest_bold.nii.gz,func_func_sub-0400163_ses-1_run-3_task-rest_bold_335.png,0.5,1.0,0.5,False,25.210418057412728,0.03933802920966011
335,/project/4180000.36/awake/bids/rat/sub-0400164/ses-1/func/sub-0400164_ses-1_run-1_task-rest_bold.nii.gz,func_func_sub-0400164_ses-1_run-1_task-rest_bold_336.png,0.5,1.0,0.5,False,26.60851160971265,0.09515515707970731
336,/project/4180000.36/awake/bids/rat/sub-0400164/ses-1/func/sub-0400164_ses-1_run-2_task-rest_bold.nii.gz,func_func_sub-0400164_ses-1_run-2_task-rest_bold_337.png,0.5,1.0,0.5,False,27.18782699001883,0.06437586968724035
337,/project/4180000.36/awake/bids/rat/sub-0400164/ses-1/func/sub-0400164_ses-1_run-3_task-rest_bold.nii.gz,func_func_sub-0400164_ses-1_run-3_task-rest_bold_338.png,0.5,1.0,0.5,False,25.095203597801003,0.05943404665332702
338,/project/4180000.36/awake/bids/rat/sub-0400165/ses-1/func/sub-0400165_ses-1_run-1_task-rest_bold.nii.gz,func_func_sub-0400165_ses-1_run-1_task-rest_bold_339.png,0.5,1.0,0.5,False,27.212783904962237,0.0812588789017568
339,/project/4180000.36/awake/bids/rat/sub-0400165/ses-1/func/sub-0400165_ses-1_run-2_task-rest_bold.nii.gz,func_func_sub-0400165_ses-1_run-2_task-rest_bold_340.png,0.5,1.0,0.5,False,29.326179573515645,0.07568709420580969
340,/project/4180000.36/awake/bids/rat/sub-0400165/ses-1/func/sub-0400165_ses-1_run-3_task-rest_bold.nii.gz,func_func_sub-0400165_ses-1_run-3_task-rest_bold_341.png,0.5,1.0,0.5,False,28.068132116079006,0.09274186661358023
341,/project/4180000.36/awake/bids/rat/sub-0400165/ses-1/func/sub-0400165_ses-1_run-4_task-rest_bold.nii.gz,func_func_sub-0400165_ses-1_run-4_task-rest_bold_342.png,0.5,1.0,0.5,False,28.306860935095344,0.09429579439233143
342,/project/4180000.36/awake/bids/rat/sub-0400166/ses-1/func/sub-0400166_ses-1_run-1_task-rest_bold.nii.gz,func_func_sub-0400166_ses-1_run-1_task-rest_bold_343.png,0.5,1.0,0.5,False,24.89948802289144,0.05571494048639449
343,/project/4180000.36/awake/bids/rat/sub-0400166/ses-1/func/sub-0400166_ses-1_run-2_task-rest_bold.nii.gz,func_func_sub-0400166_ses-1_run-2_task-rest_bold_344.png,0.5,1.0,0.5,False,27.506453133486907,0.09798143672882562
344,/project/4180000.36/awake/bids/rat/sub-0400166/ses-1/func/sub-0400166_ses-1_run-3_task-rest_bold.nii.gz,func_func_sub-0400166_ses-1_run-3_task-rest_bold_345.png,0.5,1.0,0.5,False,27.324117885270592,0.10244910789350652
345,/project/4180000.36/awake/bids/rat/sub-0400167/ses-1/func/sub-0400167_ses-1_run-1_task-rest_bold.nii.gz,func_func_sub-0400167_ses-1_run-1_task-rest_bold_346.png,0.5,1.0,0.5,False,29.779398429937217,0.047066606499463905
346,/project/4180000.36/awake/bids/rat/sub-0400167/ses-1/func/sub-0400167_ses-1_run-2_task-rest_bold.nii.gz,func_func_sub-0400167_ses-1_run-2_task-rest_bold_347.png,0.5,1.0,0.5,False,28.155052952790466,0.06476700136390529
347,/project/4180000.36/awake/bids/rat/sub-0400167/ses-1/func/sub-0400167_ses-1_run-3_task-rest_bold.nii.gz,func_func_sub-0400167_ses-1_run-3_task-rest_bold_348.png,0.5,1.0,0.5,False,29.236600150607217,0.050673624772801434
348,/project/4180000.36/awake/bids/rat/sub-0400168/ses-1/func/sub-0400168_ses-1_run-1_task-rest_bold.nii.gz,func_func_sub-0400168_ses-1_run-1_task-rest_bold_349.png,0.5,1.0,0.5,False,26.912435709489912,0.05700274305150332
349,/project/4180000.36/awake/bids/rat/sub-0400168/ses-1/func/sub-0400168_ses-1_run-2_task-rest_bold.nii.gz,func_func_sub-0400168_ses-1_run-2_task-rest_bold_350.png,0.5,1.0,0.5,False,31.017011958013953,0.05430363393935399
350,/project/4180000.36/awake/bids/rat/sub-0400168/ses-1/func/sub-0400168_ses-1_run-3_task-rest_bold.nii.gz,func_func_sub-0400168_ses-1_run-3_task-rest_bold_351.png,0.5,1.0,0.5,False,29.981727808939688,0.09539456015338213
351,/project/4180000.36/awake/bids/rat/sub-0400169/ses-1/func/sub-0400169_ses-1_run-1_task-rest_bold.nii.gz,func_func_sub-0400169_ses-1_run-1_task-rest_bold_352.png,0.5,1.0,0.5,False,22.201890120864746,0.15355203115554608
352,/project/4180000.36/awake/bids/rat/sub-0400169/ses-1/func/sub-0400169_ses-1_run-2_task-rest_bold.nii.gz,func_func_sub-0400169_ses-1_run-2_task-rest_bold_353.png,0.5,1.0,0.5,False,25.181188193296666,0.1391934519226054
353,/project/4180000.36/awake/bids/rat/sub-0400169/ses-1/func/sub-0400169_ses-1_run-3_task-rest_bold.nii.gz,func_func_sub-0400169_ses-1_run-3_task-rest_bold_354.png,0.5,1.0,0.5,False,23.3481330251803,0.08976632352974055
354,/project/4180000.36/awake/bids/rat/sub-0400169/ses-1/func/sub-0400169_ses-1_run-4_task-rest_bold.nii.gz,func_func_sub-0400169_ses-1_run-4_task-rest_bold_355.png,0.5,1.0,0.5,False,24.729913104647444,0.0813509910827527
355,/project/4180000.36/awake/bids/rat/sub-0400170/ses-1/func/sub-0400170_ses-1_run-1_task-rest_bold.nii.gz,func_func_sub-0400170_ses-1_run-1_task-rest_bold_356.png,0.5,1.0,0.5,False,24.251963076573485,0.10482557661795862
356,/project/4180000.36/awake/bids/rat/sub-0400170/ses-1/func/sub-0400170_ses-1_run-2_task-rest_bold.nii.gz,func_func_sub-0400170_ses-1_run-2_task-rest_bold_357.png,0.5,1.0,0.5,False,27.44456460235228,0.06876196274482374
357,/project/4180000.36/awake/bids/rat/sub-0400170/ses-1/func/sub-0400170_ses-1_run-3_task-rest_bold.nii.gz,func_func_sub-0400170_ses-1_run-3_task-rest_bold_358.png,0.5,1.0,0.5,False,29.651387312981964,0.028894034916585893
358,/project/4180000.36/awake/bids/rat/sub-0400171/ses-1/func/sub-0400171_ses-1_run-1_task-rest_bold.nii.gz,func_func_sub-0400171_ses-1_run-1_task-rest_bold_359.png,0.5,1.0,0.5,True,14.802718400373033,0.09129982362119378
359,/project/4180000.36/awake/bids/rat/sub-0400171/ses-1/func/sub-0400171_ses-1_run-2_task-rest_bold.nii.gz,func_func_sub-0400171_ses-1_run-2_task-rest_bold_360.png,0.5,1.0,0.5,False,22.995248922626548,0.09779065299739108
360,/project/4180000.36/awake/bids/rat/sub-0400171/ses-1/func/sub-0400171_ses-1_run-3_task-rest_bold.nii.gz,func_func_sub-0400171_ses-1_run-3_task-rest_bold_361.png,0.5,1.0,0.5,False,23.997153261750427,0.07467442587454672
361,/project/4180000.36/awake/bids/rat/sub-0400171/ses-1/func/sub-0400171_ses-1_run-4_task-rest_bold.nii.gz,func_func_sub-0400171_ses-1_run-4_task-rest_bold_362.png,0.5,1.0,0.5,False,17.811006121392854,0.09497383490927515
362,/project/4180000.36/awake/bids/rat/sub-0400172/ses-1/func/sub-0400172_ses-1_run-3_task-rest_bold.nii.gz,func_func_sub-0400172_ses-1_run-3_task-rest_bold_363.png,0.5,1.0,0.5,False,28.572843403275225,0.024292603453227802
363,/project/4180000.36/awake/bids/rat/sub-0400172/ses-1/func/sub-0400172_ses-1_run-2_task-rest_bold.nii.gz,func_func_sub-0400172_ses-1_run-2_task-rest_bold_364.png,0.5,1.0,0.5,False,28.628102257916286,0.029582281022102384
364,/project/4180000.36/awake/bids/rat/sub-0400172/ses-1/func/sub-0400172_ses-1_run-1_task-rest_bold.nii.gz,func_func_sub-0400172_ses-1_run-1_task-rest_bold_365.png,0.5,1.0,0.5,False,27.551622751330612,0.059561722911950346
365,/project/4180000.36/awake/bids/rat/sub-0400173/ses-1/func/sub-0400173_ses-1_run-3_task-rest_bold.nii.gz,func_func_sub-0400173_ses-1_run-3_task-rest_bold_366.png,0.5,1.0,0.5,False,27.155385275771316,0.04833600785003446
366,/project/4180000.36/awake/bids/rat/sub-0400173/ses-1/func/sub-0400173_ses-1_run-2_task-rest_bold.nii.gz,func_func_sub-0400173_ses-1_run-2_task-rest_bold_367.png,0.5,1.0,0.5,True,29.63393305917109,0.018150728688755877
367,/project/4180000.36/awake/bids/rat/sub-0400173/ses-1/func/sub-0400173_ses-1_run-1_task-rest_bold.nii.gz,func_func_sub-0400173_ses-1_run-1_task-rest_bold_368.png,0.5,1.0,0.5,True,25.502939631009525,0.13379136354622928
368,/project/4180000.36/awake/bids/rat/sub-0400173/ses-1/func/sub-0400173_ses-1_run-4_task-rest_bold.nii.gz,func_func_sub-0400173_ses-1_run-4_task-rest_bold_369.png,0.5,1.0,0.5,False,29.990376136792154,0.026253421720310522
369,/project/4180000.36/awake/bids/rat/sub-0400174/ses-1/func/sub-0400174_ses-1_run-1_task-rest_bold.nii.gz,func_func_sub-0400174_ses-1_run-1_task-rest_bold_370.png,0.5,1.0,0.5,False,27.178889266913583,0.0947683838691685
370,/project/4180000.36/awake/bids/rat/sub-0400174/ses-1/func/sub-0400174_ses-1_run-2_task-rest_bold.nii.gz,func_func_sub-0400174_ses-1_run-2_task-rest_bold_371.png,0.5,1.0,0.5,False,27.978569317196676,0.0938476153392693
371,/project/4180000.36/awake/bids/rat/sub-0400174/ses-1/func/sub-0400174_ses-1_run-3_task-rest_bold.nii.gz,func_func_sub-0400174_ses-1_run-3_task-rest_bold_372.png,0.5,1.0,0.5,False,29.69592471510652,0.0233025077968844
372,/project/4180000.36/awake/bids/rat/sub-0400174/ses-1/func/sub-0400174_ses-1_run-4_task-rest_bold.nii.gz,func_func_sub-0400174_ses-1_run-4_task-rest_bold_373.png,0.5,1.0,0.5,False,29.002761834322303,0.025979122718750892
373,/project/4180000.36/awake/bids/rat/sub-0400175/ses-1/func/sub-0400175_ses-1_run-1_task-rest_bold.nii.gz,func_func_sub-0400175_ses-1_run-1_task-rest_bold_374.png,0.5,1.0,0.5,False,25.137318265979253,0.061266348761283805
374,/project/4180000.36/awake/bids/rat/sub-0400175/ses-1/func/sub-0400175_ses-1_run-2_task-rest_bold.nii.gz,func_func_sub-0400175_ses-1_run-2_task-rest_bold_375.png,0.5,1.0,0.5,False,28.93418736882845,0.038947204519626785
375,/project/4180000.36/awake/bids/rat/sub-0400175/ses-1/func/sub-0400175_ses-1_run-3_task-rest_bold.nii.gz,func_func_sub-0400175_ses-1_run-3_task-rest_bold_376.png,0.5,1.0,0.5,False,29.302116482602305,0.03623100953246985
376,/project/4180000.36/awake/bids/rat/sub-0400176/ses-1/func/sub-0400176_ses-1_run-1_task-rest_bold.nii.gz,func_func_sub-0400176_ses-1_run-1_task-rest_bold_377.png,0.5,1.0,0.5,True,26.78414767877642,0.06479913893578657
377,/project/4180000.36/awake/bids/rat/sub-0400176/ses-1/func/sub-0400176_ses-1_run-2_task-rest_bold.nii.gz,func_func_sub-0400176_ses-1_run-2_task-rest_bold_378.png,0.5,1.0,0.5,True,26.44948233535254,0.07753827246266941
378,/project/4180000.36/awake/bids/rat/sub-0400176/ses-1/func/sub-0400176_ses-1_run-3_task-rest_bold.nii.gz,func_func_sub-0400176_ses-1_run-3_task-rest_bold_379.png,0.5,1.0,0.5,True,24.06886082388503,0.03458796736222878
379,/project/4180000.36/awake/bids/rat/sub-0400176/ses-1/func/sub-0400176_ses-1_run-4_task-rest_bold.nii.gz,func_func_sub-0400176_ses-1_run-4_task-rest_bold_380.png,0.5,1.0,0.5,True,22.689278217094824,0.08529615863868599
380,/project/4180000.36/awake/bids/rat/sub-0400177/ses-1/func/sub-0400177_ses-1_run-1_task-rest_bold.nii.gz,func_func_sub-0400177_ses-1_run-1_task-rest_bold_381.png,0.5,1.0,0.5,False,20.10292688041008,0.07448351943604106
381,/project/4180000.36/awake/bids/rat/sub-0400177/ses-1/func/sub-0400177_ses-1_run-2_task-rest_bold.nii.gz,func_func_sub-0400177_ses-1_run-2_task-rest_bold_382.png,0.5,1.0,0.5,True,26.930195714212267,0.07627880856024147
382,/project/4180000.36/awake/bids/rat/sub-0400177/ses-1/func/sub-0400177_ses-1_run-3_task-rest_bold.nii.gz,func_func_sub-0400177_ses-1_run-3_task-rest_bold_383.png,0.5,1.0,0.5,False,28.18636171026231,0.0644817444855553
383,/project/4180000.36/awake/bids/rat/sub-0400177/ses-1/func/sub-0400177_ses-1_run-4_task-rest_bold.nii.gz,func_func_sub-0400177_ses-1_run-4_task-rest_bold_384.png,0.5,1.0,0.5,True,27.948291510904365,0.04525699747697341
384,/project/4180000.36/awake/bids/rat/sub-0400178/ses-1/func/sub-0400178_ses-1_run-3_task-rest_bold.nii.gz,func_func_sub-0400178_ses-1_run-3_task-rest_bold_385.png,0.5,1.0,0.5,True,24.249554356139033,0.05722634405336872
385,/project/4180000.36/awake/bids/rat/sub-0400178/ses-1/func/sub-0400178_ses-1_run-2_task-rest_bold.nii.gz,func_func_sub-0400178_ses-1_run-2_task-rest_bold_386.png,0.5,1.0,0.5,False,24.98090738363189,0.07604733823997649
386,/project/4180000.36/awake/bids/rat/sub-0400178/ses-1/func/sub-0400178_ses-1_run-1_task-rest_bold.nii.gz,func_func_sub-0400178_ses-1_run-1_task-rest_bold_387.png,0.5,1.0,0.5,True,26.599915336511458,0.035667361806084305
387,/project/4180000.36/awake/bids/rat/sub-0400178/ses-1/func/sub-0400178_ses-1_run-4_task-rest_bold.nii.gz,func_func_sub-0400178_ses-1_run-4_task-rest_bold_388.png,0.5,1.0,0.5,False,26.160543572974113,0.09331771590860952
388,/project/4180000.36/awake/bids/rat/sub-0400179/ses-1/func/sub-0400179_ses-1_run-1_task-rest_bold.nii.gz,func_func_sub-0400179_ses-1_run-1_task-rest_bold_389.png,0.5,1.0,0.5,True,25.32655858256119,0.0731176251918976
389,/project/4180000.36/awake/bids/rat/sub-0400179/ses-1/func/sub-0400179_ses-1_run-2_task-rest_bold.nii.gz,func_func_sub-0400179_ses-1_run-2_task-rest_bold_390.png,0.5,1.0,0.5,True,23.97037349860093,0.09917783057912277
390,/project/4180000.36/awake/bids/rat/sub-0400179/ses-1/func/sub-0400179_ses-1_run-3_task-rest_bold.nii.gz,func_func_sub-0400179_ses-1_run-3_task-rest_bold_391.png,0.5,1.0,0.5,False,21.398605922247814,0.10373665497027955
391,/project/4180000.36/awake/bids/rat/sub-0400179/ses-1/func/sub-0400179_ses-1_run-4_task-rest_bold.nii.gz,func_func_sub-0400179_ses-1_run-4_task-rest_bold_392.png,0.5,1.0,0.5,False,23.246715499415416,0.06069558570873785
392,/project/4180000.36/awake/bids/rat/sub-0400180/ses-1/func/sub-0400180_ses-1_run-1_task-rest_bold.nii.gz,func_func_sub-0400180_ses-1_run-1_task-rest_bold_393.png,0.5,1.0,0.5,False,28.40682778754724,0.04833801746389073
393,/project/4180000.36/awake/bids/rat/sub-0400181/ses-1/func/sub-0400181_ses-1_run-1_task-rest_bold.nii.gz,func_func_sub-0400181_ses-1_run-1_task-rest_bold_394.png,0.5,1.0,0.5,False,28.220320241346833,0.07500063741305991
394,/project/4180000.36/awake/bids/rat/sub-0400181/ses-1/func/sub-0400181_ses-1_run-2_task-rest_bold.nii.gz,func_func_sub-0400181_ses-1_run-2_task-rest_bold_395.png,0.5,1.0,0.5,False,27.400966675027526,0.09582695775247112
395,/project/4180000.36/awake/bids/rat/sub-0400181/ses-1/func/sub-0400181_ses-1_run-3_task-rest_bold.nii.gz,func_func_sub-0400181_ses-1_run-3_task-rest_bold_396.png,0.5,1.0,0.5,False,27.938264938858154,0.09500195084768563
396,/project/4180000.36/awake/bids/rat/sub-0400182/ses-1/func/sub-0400182_ses-1_run-1_task-rest_bold.nii.gz,func_func_sub-0400182_ses-1_run-1_task-rest_bold_397.png,0.5,1.0,0.5,False,23.72636525032427,0.049948094371836727
397,/project/4180000.36/awake/bids/rat/sub-0400182/ses-1/func/sub-0400182_ses-1_run-2_task-rest_bold.nii.gz,func_func_sub-0400182_ses-1_run-2_task-rest_bold_398.png,0.5,1.0,0.5,False,22.294251686179088,0.08488418410799796
398,/project/4180000.36/awake/bids/rat/sub-0400182/ses-1/func/sub-0400182_ses-1_run-3_task-rest_bold.nii.gz,func_func_sub-0400182_ses-1_run-3_task-rest_bold_399.png,0.5,1.0,0.5,False,20.168149755678307,0.1403509931294384
399,/project/4180000.36/awake/bids/rat/sub-0400183/ses-1/func/sub-0400183_ses-1_run-1_task-rest_bold.nii.gz,func_func_sub-0400183_ses-1_run-1_task-rest_bold_400.png,0.5,1.0,0.5,False,24.238345076254394,0.033003829086609
400,/project/4180000.36/awake/bids/rat/sub-0400183/ses-1/func/sub-0400183_ses-1_run-2_task-rest_bold.nii.gz,func_func_sub-0400183_ses-1_run-2_task-rest_bold_401.png,0.5,1.0,0.5,False,25.216738555167822,0.042697659815889195
401,/project/4180000.36/awake/bids/rat/sub-0400183/ses-1/func/sub-0400183_ses-1_run-3_task-rest_bold.nii.gz,func_func_sub-0400183_ses-1_run-3_task-rest_bold_402.png,0.5,1.0,0.5,False,25.45312209701974,0.02611857945748838
402,/project/4180000.36/awake/bids/rat/sub-0400184/ses-1/func/sub-0400184_ses-1_run-1_task-rest_bold.nii.gz,func_func_sub-0400184_ses-1_run-1_task-rest_bold_403.png,0.5,1.0,0.5,False,21.37348405061724,0.13460413673748522
403,/project/4180000.36/awake/bids/rat/sub-0400184/ses-1/func/sub-0400184_ses-1_run-2_task-rest_bold.nii.gz,func_func_sub-0400184_ses-1_run-2_task-rest_bold_404.png,0.5,1.0,0.5,False,29.879577201756234,0.05699278779378369
404,/project/4180000.36/awake/bids/rat/sub-0400185/ses-1/func/sub-0400185_ses-1_run-1_task-rest_bold.nii.gz,func_func_sub-0400185_ses-1_run-1_task-rest_bold_405.png,0.5,1.0,0.5,False,22.659166723688074,0.09762468852949105
405,/project/4180000.36/awake/bids/rat/sub-0400185/ses-1/func/sub-0400185_ses-1_run-2_task-rest_bold.nii.gz,func_func_sub-0400185_ses-1_run-2_task-rest_bold_406.png,0.5,1.0,0.5,False,25.30337311374177,0.07973164965798285
406,/project/4180000.36/awake/bids/rat/sub-0400185/ses-1/func/sub-0400185_ses-1_run-3_task-rest_bold.nii.gz,func_func_sub-0400185_ses-1_run-3_task-rest_bold_407.png,0.5,1.0,0.5,False,24.146461439849233,0.04885099349203745
407,/project/4180000.36/awake/bids/rat/sub-0400185/ses-1/func/sub-0400185_ses-1_run-4_task-rest_bold.nii.gz,func_func_sub-0400185_ses-1_run-4_task-rest_bold_408.png,0.5,1.0,0.5,False,24.102649239783375,0.08754188971095282
408,/project/4180000.36/awake/bids/rat/sub-0400186/ses-1/func/sub-0400186_ses-1_run-1_task-rest_bold.nii.gz,func_func_sub-0400186_ses-1_run-1_task-rest_bold_409.png,0.5,1.0,0.5,False,20.014166504638613,0.12458426211057463
409,/project/4180000.36/awake/bids/rat/sub-0400186/ses-1/func/sub-0400186_ses-1_run-2_task-rest_bold.nii.gz,func_func_sub-0400186_ses-1_run-2_task-rest_bold_410.png,0.5,1.0,0.5,False,20.87384732496325,0.013579548758571624
410,/project/4180000.36/awake/bids/rat/sub-0400186/ses-1/func/sub-0400186_ses-1_run-3_task-rest_bold.nii.gz,func_func_sub-0400186_ses-1_run-3_task-rest_bold_411.png,0.5,1.0,0.5,False,20.699864949919835,0.08408634667376623
411,/project/4180000.36/awake/bids/rat/sub-0400187/ses-1/func/sub-0400187_ses-1_run-1_task-rest_bold.nii.gz,func_func_sub-0400187_ses-1_run-1_task-rest_bold_412.png,0.5,1.0,0.5,False,25.697805981900093,0.050970868793528405
412,/project/4180000.36/awake/bids/rat/sub-0400187/ses-1/func/sub-0400187_ses-1_run-2_task-rest_bold.nii.gz,func_func_sub-0400187_ses-1_run-2_task-rest_bold_413.png,0.5,1.0,0.5,False,25.440387515112526,0.032647840732285896
413,/project/4180000.36/awake/bids/rat/sub-0400187/ses-1/func/sub-0400187_ses-1_run-3_task-rest_bold.nii.gz,func_func_sub-0400187_ses-1_run-3_task-rest_bold_414.png,0.5,1.0,0.5,False,25.29514934477346,0.025486932887770895
414,/project/4180000.36/awake/bids/rat/sub-0400188/ses-1/func/sub-0400188_ses-1_run-1_task-rest_bold.nii.gz,func_func_sub-0400188_ses-1_run-1_task-rest_bold_415.png,0.5,1.0,0.5,False,23.96580956844224,0.08603869298823037
415,/project/4180000.36/awake/bids/rat/sub-0400188/ses-1/func/sub-0400188_ses-1_run-2_task-rest_bold.nii.gz,func_func_sub-0400188_ses-1_run-2_task-rest_bold_416.png,0.5,1.0,0.5,False,23.124115168208323,0.08052927765143549
416,/project/4180000.36/awake/bids/rat/sub-0400188/ses-1/func/sub-0400188_ses-1_run-3_task-rest_bold.nii.gz,func_func_sub-0400188_ses-1_run-3_task-rest_bold_417.png,0.5,1.0,0.5,False,22.63420408003405,0.09506960498291057
417,/project/4180000.36/awake/bids/rat/sub-0400189/ses-1/func/sub-0400189_ses-1_run-1_task-rest_bold.nii.gz,func_func_sub-0400189_ses-1_run-1_task-rest_bold_418.png,0.5,1.0,0.5,False,25.06678497972816,0.047527505019172446
418,/project/4180000.36/awake/bids/rat/sub-0400189/ses-1/func/sub-0400189_ses-1_run-2_task-rest_bold.nii.gz,func_func_sub-0400189_ses-1_run-2_task-rest_bold_419.png,0.5,1.0,0.5,False,25.232515288904054,0.08096581792413707
419,/project/4180000.36/awake/bids/rat/sub-0400189/ses-1/func/sub-0400189_ses-1_run-3_task-rest_bold.nii.gz,func_func_sub-0400189_ses-1_run-3_task-rest_bold_420.png,0.5,1.0,0.5,False,26.88937642889741,0.04607905688940359
